-- phpMyAdmin SQL Dump
-- version 5.2.0
-- https://www.phpmyadmin.net/
--
-- Host: 127.0.0.1
-- Generation Time: Feb 08, 2023 at 04:44 AM
-- Server version: 10.4.27-MariaDB
-- PHP Version: 8.1.12

SET SQL_MODE = "NO_AUTO_VALUE_ON_ZERO";
START TRANSACTION;
SET time_zone = "+00:00";


/*!40101 SET @OLD_CHARACTER_SET_CLIENT=@@CHARACTER_SET_CLIENT */;
/*!40101 SET @OLD_CHARACTER_SET_RESULTS=@@CHARACTER_SET_RESULTS */;
/*!40101 SET @OLD_COLLATION_CONNECTION=@@COLLATION_CONNECTION */;
/*!40101 SET NAMES utf8mb4 */;

--
-- Database: `e_ticket`
--

-- --------------------------------------------------------

--
-- Table structure for table `bogis`
--

CREATE TABLE `bogis` (
  `id` bigint(20) UNSIGNED NOT NULL,
  `name` varchar(255) NOT NULL,
  `train_id` bigint(20) UNSIGNED NOT NULL,
  `created_at` timestamp NULL DEFAULT NULL,
  `updated_at` timestamp NULL DEFAULT NULL
) ENGINE=InnoDB DEFAULT CHARSET=utf8mb4 COLLATE=utf8mb4_unicode_ci;

--
-- Dumping data for table `bogis`
--

INSERT INTO `bogis` (`id`, `name`, `train_id`, `created_at`, `updated_at`) VALUES
(1, 'KA', 1, '2023-02-06 00:59:51', '2023-02-06 00:59:51'),
(2, 'KHA', 1, '2023-02-06 00:59:52', '2023-02-06 00:59:52'),
(3, 'KA', 2, '2023-02-06 00:59:52', '2023-02-06 00:59:52'),
(4, 'KHA', 2, '2023-02-06 00:59:52', '2023-02-06 00:59:52');

-- --------------------------------------------------------

--
-- Table structure for table `failed_jobs`
--

CREATE TABLE `failed_jobs` (
  `id` bigint(20) UNSIGNED NOT NULL,
  `uuid` varchar(255) NOT NULL,
  `connection` text NOT NULL,
  `queue` text NOT NULL,
  `payload` longtext NOT NULL,
  `exception` longtext NOT NULL,
  `failed_at` timestamp NOT NULL DEFAULT current_timestamp()
) ENGINE=InnoDB DEFAULT CHARSET=utf8mb4 COLLATE=utf8mb4_unicode_ci;

-- --------------------------------------------------------

--
-- Table structure for table `migrations`
--

CREATE TABLE `migrations` (
  `id` int(10) UNSIGNED NOT NULL,
  `migration` varchar(255) NOT NULL,
  `batch` int(11) NOT NULL
) ENGINE=InnoDB DEFAULT CHARSET=utf8mb4 COLLATE=utf8mb4_unicode_ci;

--
-- Dumping data for table `migrations`
--

INSERT INTO `migrations` (`id`, `migration`, `batch`) VALUES
(1, '2014_10_12_000000_create_users_table', 1),
(2, '2014_10_12_100000_create_password_resets_table', 1),
(3, '2019_08_19_000000_create_failed_jobs_table', 1),
(4, '2019_12_14_000001_create_personal_access_tokens_table', 1),
(5, '2023_01_29_062417_create_stations_table', 1),
(6, '2023_01_29_062431_create_tickets_table', 1),
(7, '2023_01_29_062452_create_trains_table', 1),
(8, '2023_01_29_062508_create_schedules_table', 1),
(9, '2023_01_29_062522_create_bogis_table', 1),
(10, '2023_01_29_062538_create_seats_table', 1);

-- --------------------------------------------------------

--
-- Table structure for table `password_resets`
--

CREATE TABLE `password_resets` (
  `email` varchar(255) NOT NULL,
  `token` varchar(255) NOT NULL,
  `created_at` timestamp NULL DEFAULT NULL
) ENGINE=InnoDB DEFAULT CHARSET=utf8mb4 COLLATE=utf8mb4_unicode_ci;

-- --------------------------------------------------------

--
-- Table structure for table `personal_access_tokens`
--

CREATE TABLE `personal_access_tokens` (
  `id` bigint(20) UNSIGNED NOT NULL,
  `tokenable_type` varchar(255) NOT NULL,
  `tokenable_id` bigint(20) UNSIGNED NOT NULL,
  `name` varchar(255) NOT NULL,
  `token` varchar(64) NOT NULL,
  `abilities` text DEFAULT NULL,
  `last_used_at` timestamp NULL DEFAULT NULL,
  `created_at` timestamp NULL DEFAULT NULL,
  `updated_at` timestamp NULL DEFAULT NULL
) ENGINE=InnoDB DEFAULT CHARSET=utf8mb4 COLLATE=utf8mb4_unicode_ci;

-- --------------------------------------------------------

--
-- Table structure for table `schedules`
--

CREATE TABLE `schedules` (
  `id` bigint(20) UNSIGNED NOT NULL,
  `train_id` bigint(20) UNSIGNED NOT NULL,
  `station_id` bigint(20) UNSIGNED NOT NULL,
  `time` time NOT NULL,
  `ac_b_price` double(8,2) DEFAULT NULL,
  `ac_s_price` double(8,2) DEFAULT NULL,
  `snigdha_price` double(8,2) DEFAULT NULL,
  `f_berth_price` double(8,2) DEFAULT NULL,
  `f_seat_price` double(8,2) DEFAULT NULL,
  `f_chair_price` double(8,2) DEFAULT NULL,
  `s_chair_price` double(8,2) DEFAULT NULL,
  `shovon_price` double(8,2) DEFAULT NULL,
  `created_at` timestamp NULL DEFAULT NULL,
  `updated_at` timestamp NULL DEFAULT NULL
) ENGINE=InnoDB DEFAULT CHARSET=utf8mb4 COLLATE=utf8mb4_unicode_ci;

--
-- Dumping data for table `schedules`
--

INSERT INTO `schedules` (`id`, `train_id`, `station_id`, `time`, `ac_b_price`, `ac_s_price`, `snigdha_price`, `f_berth_price`, `f_seat_price`, `f_chair_price`, `s_chair_price`, `shovon_price`, `created_at`, `updated_at`) VALUES
(1, 1, 2, '07:00:00', NULL, NULL, NULL, NULL, NULL, 80.00, 70.00, 50.00, '2023-02-06 00:59:52', '2023-02-06 00:59:52');

-- --------------------------------------------------------

--
-- Table structure for table `seats`
--

CREATE TABLE `seats` (
  `id` bigint(20) UNSIGNED NOT NULL,
  `name` varchar(255) NOT NULL,
  `bogi_id` bigint(20) UNSIGNED NOT NULL,
  `train_id` bigint(20) UNSIGNED NOT NULL,
  `type` bigint(20) UNSIGNED NOT NULL DEFAULT 0 COMMENT '0=shovon, 1=shovon chair, 2=f_chair, 3=f_seat, 4=f_berth, 5=snigdha, 6=ac_s, 7=ac_b',
  `booked` bigint(20) UNSIGNED NOT NULL DEFAULT 0 COMMENT '0=open, 1=booked',
  `created_at` timestamp NULL DEFAULT NULL,
  `updated_at` timestamp NULL DEFAULT NULL
) ENGINE=InnoDB DEFAULT CHARSET=utf8mb4 COLLATE=utf8mb4_unicode_ci;

--
-- Dumping data for table `seats`
--

INSERT INTO `seats` (`id`, `name`, `bogi_id`, `train_id`, `type`, `booked`, `created_at`, `updated_at`) VALUES
(1, 'KA-1', 1, 1, 0, 0, '2023-02-06 00:59:51', '2023-02-06 00:59:51'),
(2, 'KA-2', 1, 1, 1, 1, '2023-02-06 00:59:51', '2023-02-06 00:59:51'),
(3, 'KA-3', 1, 1, 0, 0, '2023-02-06 00:59:51', '2023-02-06 00:59:51'),
(4, 'KA-4', 1, 1, 0, 1, '2023-02-06 00:59:51', '2023-02-06 00:59:51'),
(5, 'KA-5', 1, 1, 0, 1, '2023-02-06 00:59:51', '2023-02-06 00:59:51'),
(6, 'KA-6', 1, 1, 0, 0, '2023-02-06 00:59:51', '2023-02-06 00:59:51'),
(7, 'KA-7', 1, 1, 1, 1, '2023-02-06 00:59:51', '2023-02-06 00:59:51'),
(8, 'KA-8', 1, 1, 1, 0, '2023-02-06 00:59:51', '2023-02-06 00:59:51'),
(9, 'KA-9', 1, 1, 0, 0, '2023-02-06 00:59:51', '2023-02-06 00:59:51'),
(10, 'KA-10', 1, 1, 0, 0, '2023-02-06 00:59:51', '2023-02-06 00:59:51'),
(11, 'KA-11', 1, 1, 1, 1, '2023-02-06 00:59:51', '2023-02-06 00:59:51'),
(12, 'KA-12', 1, 1, 1, 1, '2023-02-06 00:59:51', '2023-02-06 00:59:51'),
(13, 'KA-13', 1, 1, 0, 1, '2023-02-06 00:59:51', '2023-02-06 00:59:51'),
(14, 'KA-14', 1, 1, 1, 1, '2023-02-06 00:59:51', '2023-02-06 00:59:51'),
(15, 'KA-15', 1, 1, 0, 1, '2023-02-06 00:59:51', '2023-02-06 00:59:51'),
(16, 'KA-16', 1, 1, 1, 0, '2023-02-06 00:59:51', '2023-02-06 00:59:51'),
(17, 'KA-17', 1, 1, 1, 1, '2023-02-06 00:59:51', '2023-02-06 00:59:51'),
(18, 'KA-18', 1, 1, 0, 1, '2023-02-06 00:59:51', '2023-02-06 00:59:51'),
(19, 'KA-19', 1, 1, 0, 1, '2023-02-06 00:59:51', '2023-02-06 00:59:51'),
(20, 'KA-20', 1, 1, 1, 0, '2023-02-06 00:59:51', '2023-02-06 00:59:51'),
(21, 'KA-21', 1, 1, 0, 1, '2023-02-06 00:59:51', '2023-02-06 00:59:51'),
(22, 'KA-22', 1, 1, 1, 1, '2023-02-06 00:59:51', '2023-02-06 00:59:51'),
(23, 'KA-23', 1, 1, 1, 1, '2023-02-06 00:59:51', '2023-02-06 00:59:51'),
(24, 'KA-24', 1, 1, 0, 1, '2023-02-06 00:59:51', '2023-02-06 00:59:51'),
(25, 'KA-25', 1, 1, 1, 0, '2023-02-06 00:59:51', '2023-02-06 00:59:51'),
(26, 'KA-26', 1, 1, 0, 1, '2023-02-06 00:59:51', '2023-02-06 00:59:51'),
(27, 'KA-27', 1, 1, 0, 1, '2023-02-06 00:59:51', '2023-02-06 00:59:51'),
(28, 'KA-28', 1, 1, 0, 0, '2023-02-06 00:59:51', '2023-02-06 00:59:51'),
(29, 'KA-29', 1, 1, 0, 0, '2023-02-06 00:59:51', '2023-02-06 00:59:51'),
(30, 'KA-30', 1, 1, 1, 0, '2023-02-06 00:59:51', '2023-02-06 00:59:51'),
(31, 'KA-31', 1, 1, 0, 1, '2023-02-06 00:59:51', '2023-02-06 00:59:51'),
(32, 'KA-32', 1, 1, 0, 1, '2023-02-06 00:59:51', '2023-02-06 00:59:51'),
(33, 'KA-33', 1, 1, 0, 1, '2023-02-06 00:59:51', '2023-02-06 00:59:51'),
(34, 'KA-34', 1, 1, 0, 1, '2023-02-06 00:59:51', '2023-02-06 00:59:51'),
(35, 'KA-35', 1, 1, 0, 0, '2023-02-06 00:59:51', '2023-02-06 00:59:51'),
(36, 'KA-36', 1, 1, 1, 1, '2023-02-06 00:59:51', '2023-02-06 00:59:51'),
(37, 'KA-37', 1, 1, 1, 1, '2023-02-06 00:59:51', '2023-02-06 00:59:51'),
(38, 'KA-38', 1, 1, 0, 1, '2023-02-06 00:59:51', '2023-02-06 00:59:51'),
(39, 'KA-39', 1, 1, 1, 0, '2023-02-06 00:59:51', '2023-02-06 00:59:51'),
(40, 'KA-40', 1, 1, 1, 0, '2023-02-06 00:59:51', '2023-02-06 00:59:51'),
(41, 'KA-41', 1, 1, 0, 0, '2023-02-06 00:59:51', '2023-02-06 00:59:51'),
(42, 'KA-42', 1, 1, 0, 0, '2023-02-06 00:59:51', '2023-02-06 00:59:51'),
(43, 'KA-43', 1, 1, 1, 1, '2023-02-06 00:59:51', '2023-02-06 00:59:51'),
(44, 'KA-44', 1, 1, 1, 1, '2023-02-06 00:59:51', '2023-02-06 00:59:51'),
(45, 'KA-45', 1, 1, 1, 0, '2023-02-06 00:59:51', '2023-02-06 00:59:51'),
(46, 'KA-46', 1, 1, 0, 0, '2023-02-06 00:59:51', '2023-02-06 00:59:51'),
(47, 'KA-47', 1, 1, 0, 1, '2023-02-06 00:59:51', '2023-02-06 00:59:51'),
(48, 'KA-48', 1, 1, 0, 0, '2023-02-06 00:59:51', '2023-02-06 00:59:51'),
(49, 'KA-49', 1, 1, 0, 1, '2023-02-06 00:59:51', '2023-02-06 00:59:51'),
(50, 'KA-50', 1, 1, 0, 0, '2023-02-06 00:59:51', '2023-02-06 00:59:51'),
(51, 'KA-51', 1, 1, 0, 0, '2023-02-06 00:59:51', '2023-02-06 00:59:51'),
(52, 'KA-52', 1, 1, 1, 1, '2023-02-06 00:59:51', '2023-02-06 00:59:51'),
(53, 'KA-53', 1, 1, 0, 1, '2023-02-06 00:59:51', '2023-02-06 00:59:51'),
(54, 'KA-54', 1, 1, 1, 1, '2023-02-06 00:59:51', '2023-02-06 00:59:51'),
(55, 'KA-55', 1, 1, 0, 0, '2023-02-06 00:59:51', '2023-02-06 00:59:51'),
(56, 'KA-56', 1, 1, 0, 0, '2023-02-06 00:59:51', '2023-02-06 00:59:51'),
(57, 'KA-57', 1, 1, 1, 1, '2023-02-06 00:59:51', '2023-02-06 00:59:51'),
(58, 'KA-58', 1, 1, 0, 1, '2023-02-06 00:59:51', '2023-02-06 00:59:51'),
(59, 'KA-59', 1, 1, 0, 0, '2023-02-06 00:59:51', '2023-02-06 00:59:51'),
(60, 'KA-60', 1, 1, 1, 0, '2023-02-06 00:59:51', '2023-02-06 00:59:51'),
(61, 'KA-61', 1, 1, 0, 1, '2023-02-06 00:59:51', '2023-02-06 00:59:51'),
(62, 'KA-62', 1, 1, 0, 1, '2023-02-06 00:59:51', '2023-02-06 00:59:51'),
(63, 'KA-63', 1, 1, 0, 0, '2023-02-06 00:59:51', '2023-02-06 00:59:51'),
(64, 'KA-64', 1, 1, 1, 0, '2023-02-06 00:59:51', '2023-02-06 00:59:51'),
(65, 'KA-65', 1, 1, 0, 0, '2023-02-06 00:59:52', '2023-02-06 00:59:52'),
(66, 'KA-66', 1, 1, 0, 1, '2023-02-06 00:59:52', '2023-02-06 00:59:52'),
(67, 'KA-67', 1, 1, 1, 1, '2023-02-06 00:59:52', '2023-02-06 00:59:52'),
(68, 'KA-68', 1, 1, 1, 0, '2023-02-06 00:59:52', '2023-02-06 00:59:52'),
(69, 'KA-69', 1, 1, 1, 1, '2023-02-06 00:59:52', '2023-02-06 00:59:52'),
(70, 'KA-70', 1, 1, 0, 0, '2023-02-06 00:59:52', '2023-02-06 00:59:52'),
(71, 'KA-71', 1, 1, 1, 1, '2023-02-06 00:59:52', '2023-02-06 00:59:52'),
(72, 'KA-72', 1, 1, 0, 0, '2023-02-06 00:59:52', '2023-02-06 00:59:52'),
(73, 'KA-73', 1, 1, 0, 1, '2023-02-06 00:59:52', '2023-02-06 00:59:52'),
(74, 'KA-74', 1, 1, 1, 0, '2023-02-06 00:59:52', '2023-02-06 00:59:52'),
(75, 'KA-75', 1, 1, 1, 1, '2023-02-06 00:59:52', '2023-02-06 00:59:52'),
(76, 'KA-76', 1, 1, 0, 1, '2023-02-06 00:59:52', '2023-02-06 00:59:52'),
(77, 'KA-77', 1, 1, 1, 1, '2023-02-06 00:59:52', '2023-02-06 00:59:52'),
(78, 'KA-78', 1, 1, 1, 1, '2023-02-06 00:59:52', '2023-02-06 00:59:52'),
(79, 'KA-79', 1, 1, 0, 1, '2023-02-06 00:59:52', '2023-02-06 00:59:52'),
(80, 'KA-80', 1, 1, 0, 0, '2023-02-06 00:59:52', '2023-02-06 00:59:52'),
(81, 'KA-81', 1, 1, 1, 1, '2023-02-06 00:59:52', '2023-02-06 00:59:52'),
(82, 'KA-82', 1, 1, 1, 1, '2023-02-06 00:59:52', '2023-02-06 00:59:52'),
(83, 'KA-83', 1, 1, 1, 1, '2023-02-06 00:59:52', '2023-02-06 00:59:52'),
(84, 'KA-84', 1, 1, 1, 0, '2023-02-06 00:59:52', '2023-02-06 00:59:52'),
(85, 'KA-85', 1, 1, 1, 1, '2023-02-06 00:59:52', '2023-02-06 00:59:52'),
(86, 'KA-86', 1, 1, 0, 0, '2023-02-06 00:59:52', '2023-02-06 00:59:52'),
(87, 'KA-87', 1, 1, 0, 0, '2023-02-06 00:59:52', '2023-02-06 00:59:52'),
(88, 'KA-88', 1, 1, 1, 1, '2023-02-06 00:59:52', '2023-02-06 00:59:52'),
(89, 'KA-89', 1, 1, 1, 1, '2023-02-06 00:59:52', '2023-02-06 00:59:52'),
(90, 'KA-90', 1, 1, 0, 0, '2023-02-06 00:59:52', '2023-02-06 00:59:52'),
(91, 'KA-91', 1, 1, 0, 0, '2023-02-06 00:59:52', '2023-02-06 00:59:52'),
(92, 'KA-92', 1, 1, 1, 1, '2023-02-06 00:59:52', '2023-02-06 00:59:52'),
(93, 'KA-93', 1, 1, 1, 1, '2023-02-06 00:59:52', '2023-02-06 00:59:52'),
(94, 'KA-94', 1, 1, 1, 0, '2023-02-06 00:59:52', '2023-02-06 00:59:52'),
(95, 'KA-95', 1, 1, 0, 0, '2023-02-06 00:59:52', '2023-02-06 00:59:52'),
(96, 'KA-96', 1, 1, 0, 1, '2023-02-06 00:59:52', '2023-02-06 00:59:52'),
(97, 'KA-97', 1, 1, 0, 0, '2023-02-06 00:59:52', '2023-02-06 00:59:52'),
(98, 'KA-98', 1, 1, 1, 1, '2023-02-06 00:59:52', '2023-02-06 00:59:52'),
(99, 'KA-99', 1, 1, 0, 0, '2023-02-06 00:59:52', '2023-02-06 00:59:52'),
(100, 'KA-100', 1, 1, 0, 0, '2023-02-06 00:59:52', '2023-02-06 00:59:52'),
(101, 'KHA-1', 2, 1, 1, 0, '2023-02-06 00:59:52', '2023-02-06 00:59:52'),
(102, 'KHA-2', 2, 1, 0, 0, '2023-02-06 00:59:52', '2023-02-06 00:59:52'),
(103, 'KHA-3', 2, 1, 0, 1, '2023-02-06 00:59:52', '2023-02-06 00:59:52'),
(104, 'KHA-4', 2, 1, 0, 0, '2023-02-06 00:59:52', '2023-02-06 00:59:52'),
(105, 'KHA-5', 2, 1, 0, 0, '2023-02-06 00:59:52', '2023-02-06 00:59:52'),
(106, 'KHA-6', 2, 1, 0, 1, '2023-02-06 00:59:52', '2023-02-06 00:59:52'),
(107, 'KHA-7', 2, 1, 0, 0, '2023-02-06 00:59:52', '2023-02-06 00:59:52'),
(108, 'KHA-8', 2, 1, 0, 0, '2023-02-06 00:59:52', '2023-02-06 00:59:52'),
(109, 'KHA-9', 2, 1, 1, 1, '2023-02-06 00:59:52', '2023-02-06 00:59:52'),
(110, 'KHA-10', 2, 1, 0, 0, '2023-02-06 00:59:52', '2023-02-06 00:59:52'),
(111, 'KHA-11', 2, 1, 0, 1, '2023-02-06 00:59:52', '2023-02-06 00:59:52'),
(112, 'KHA-12', 2, 1, 0, 0, '2023-02-06 00:59:52', '2023-02-06 00:59:52'),
(113, 'KHA-13', 2, 1, 0, 0, '2023-02-06 00:59:52', '2023-02-06 00:59:52'),
(114, 'KHA-14', 2, 1, 1, 1, '2023-02-06 00:59:52', '2023-02-06 00:59:52'),
(115, 'KHA-15', 2, 1, 1, 0, '2023-02-06 00:59:52', '2023-02-06 00:59:52'),
(116, 'KHA-16', 2, 1, 0, 0, '2023-02-06 00:59:52', '2023-02-06 00:59:52'),
(117, 'KHA-17', 2, 1, 0, 0, '2023-02-06 00:59:52', '2023-02-06 00:59:52'),
(118, 'KHA-18', 2, 1, 0, 0, '2023-02-06 00:59:52', '2023-02-06 00:59:52'),
(119, 'KHA-19', 2, 1, 0, 0, '2023-02-06 00:59:52', '2023-02-06 00:59:52'),
(120, 'KHA-20', 2, 1, 0, 1, '2023-02-06 00:59:52', '2023-02-06 00:59:52'),
(121, 'KHA-21', 2, 1, 0, 1, '2023-02-06 00:59:52', '2023-02-06 00:59:52'),
(122, 'KHA-22', 2, 1, 0, 1, '2023-02-06 00:59:52', '2023-02-06 00:59:52'),
(123, 'KHA-23', 2, 1, 0, 1, '2023-02-06 00:59:52', '2023-02-06 00:59:52'),
(124, 'KHA-24', 2, 1, 1, 0, '2023-02-06 00:59:52', '2023-02-06 00:59:52'),
(125, 'KHA-25', 2, 1, 0, 0, '2023-02-06 00:59:52', '2023-02-06 00:59:52'),
(126, 'KHA-26', 2, 1, 0, 1, '2023-02-06 00:59:52', '2023-02-06 00:59:52'),
(127, 'KHA-27', 2, 1, 1, 1, '2023-02-06 00:59:52', '2023-02-06 00:59:52'),
(128, 'KHA-28', 2, 1, 0, 1, '2023-02-06 00:59:52', '2023-02-06 00:59:52'),
(129, 'KHA-29', 2, 1, 0, 1, '2023-02-06 00:59:52', '2023-02-06 00:59:52'),
(130, 'KHA-30', 2, 1, 0, 0, '2023-02-06 00:59:52', '2023-02-06 00:59:52'),
(131, 'KHA-31', 2, 1, 0, 1, '2023-02-06 00:59:52', '2023-02-06 00:59:52'),
(132, 'KHA-32', 2, 1, 1, 0, '2023-02-06 00:59:52', '2023-02-06 00:59:52'),
(133, 'KHA-33', 2, 1, 1, 0, '2023-02-06 00:59:52', '2023-02-06 00:59:52'),
(134, 'KHA-34', 2, 1, 1, 1, '2023-02-06 00:59:52', '2023-02-06 00:59:52'),
(135, 'KHA-35', 2, 1, 1, 1, '2023-02-06 00:59:52', '2023-02-06 00:59:52'),
(136, 'KHA-36', 2, 1, 0, 0, '2023-02-06 00:59:52', '2023-02-06 00:59:52'),
(137, 'KHA-37', 2, 1, 0, 1, '2023-02-06 00:59:52', '2023-02-06 00:59:52'),
(138, 'KHA-38', 2, 1, 1, 1, '2023-02-06 00:59:52', '2023-02-06 00:59:52'),
(139, 'KHA-39', 2, 1, 1, 0, '2023-02-06 00:59:52', '2023-02-06 00:59:52'),
(140, 'KHA-40', 2, 1, 0, 1, '2023-02-06 00:59:52', '2023-02-06 00:59:52'),
(141, 'KHA-41', 2, 1, 0, 1, '2023-02-06 00:59:52', '2023-02-06 00:59:52'),
(142, 'KHA-42', 2, 1, 1, 1, '2023-02-06 00:59:52', '2023-02-06 00:59:52'),
(143, 'KHA-43', 2, 1, 1, 0, '2023-02-06 00:59:52', '2023-02-06 00:59:52'),
(144, 'KHA-44', 2, 1, 1, 0, '2023-02-06 00:59:52', '2023-02-06 00:59:52'),
(145, 'KHA-45', 2, 1, 1, 0, '2023-02-06 00:59:52', '2023-02-06 00:59:52'),
(146, 'KHA-46', 2, 1, 0, 1, '2023-02-06 00:59:52', '2023-02-06 00:59:52'),
(147, 'KHA-47', 2, 1, 0, 0, '2023-02-06 00:59:52', '2023-02-06 00:59:52'),
(148, 'KHA-48', 2, 1, 1, 0, '2023-02-06 00:59:52', '2023-02-06 00:59:52'),
(149, 'KHA-49', 2, 1, 0, 1, '2023-02-06 00:59:52', '2023-02-06 00:59:52'),
(150, 'KHA-50', 2, 1, 0, 1, '2023-02-06 00:59:52', '2023-02-06 00:59:52'),
(151, 'KHA-51', 2, 1, 1, 0, '2023-02-06 00:59:52', '2023-02-06 00:59:52'),
(152, 'KHA-52', 2, 1, 1, 0, '2023-02-06 00:59:52', '2023-02-06 00:59:52'),
(153, 'KHA-53', 2, 1, 1, 0, '2023-02-06 00:59:52', '2023-02-06 00:59:52'),
(154, 'KHA-54', 2, 1, 0, 1, '2023-02-06 00:59:52', '2023-02-06 00:59:52'),
(155, 'KHA-55', 2, 1, 0, 0, '2023-02-06 00:59:52', '2023-02-06 00:59:52'),
(156, 'KHA-56', 2, 1, 0, 0, '2023-02-06 00:59:52', '2023-02-06 00:59:52'),
(157, 'KHA-57', 2, 1, 0, 0, '2023-02-06 00:59:52', '2023-02-06 00:59:52'),
(158, 'KHA-58', 2, 1, 1, 1, '2023-02-06 00:59:52', '2023-02-06 00:59:52'),
(159, 'KHA-59', 2, 1, 1, 0, '2023-02-06 00:59:52', '2023-02-06 00:59:52'),
(160, 'KHA-60', 2, 1, 1, 0, '2023-02-06 00:59:52', '2023-02-06 00:59:52'),
(161, 'KHA-61', 2, 1, 1, 1, '2023-02-06 00:59:52', '2023-02-06 00:59:52'),
(162, 'KHA-62', 2, 1, 1, 0, '2023-02-06 00:59:52', '2023-02-06 00:59:52'),
(163, 'KHA-63', 2, 1, 0, 0, '2023-02-06 00:59:52', '2023-02-06 00:59:52'),
(164, 'KHA-64', 2, 1, 0, 0, '2023-02-06 00:59:52', '2023-02-06 00:59:52'),
(165, 'KHA-65', 2, 1, 0, 0, '2023-02-06 00:59:52', '2023-02-06 00:59:52'),
(166, 'KHA-66', 2, 1, 1, 0, '2023-02-06 00:59:52', '2023-02-06 00:59:52'),
(167, 'KHA-67', 2, 1, 0, 1, '2023-02-06 00:59:52', '2023-02-06 00:59:52'),
(168, 'KHA-68', 2, 1, 0, 0, '2023-02-06 00:59:52', '2023-02-06 00:59:52'),
(169, 'KHA-69', 2, 1, 1, 0, '2023-02-06 00:59:52', '2023-02-06 00:59:52'),
(170, 'KHA-70', 2, 1, 0, 0, '2023-02-06 00:59:52', '2023-02-06 00:59:52'),
(171, 'KHA-71', 2, 1, 0, 0, '2023-02-06 00:59:52', '2023-02-06 00:59:52'),
(172, 'KHA-72', 2, 1, 1, 1, '2023-02-06 00:59:52', '2023-02-06 00:59:52'),
(173, 'KHA-73', 2, 1, 0, 1, '2023-02-06 00:59:52', '2023-02-06 00:59:52'),
(174, 'KHA-74', 2, 1, 0, 1, '2023-02-06 00:59:52', '2023-02-06 00:59:52'),
(175, 'KHA-75', 2, 1, 1, 0, '2023-02-06 00:59:52', '2023-02-06 00:59:52'),
(176, 'KHA-76', 2, 1, 0, 0, '2023-02-06 00:59:52', '2023-02-06 00:59:52'),
(177, 'KHA-77', 2, 1, 0, 0, '2023-02-06 00:59:52', '2023-02-06 00:59:52'),
(178, 'KHA-78', 2, 1, 1, 0, '2023-02-06 00:59:52', '2023-02-06 00:59:52'),
(179, 'KHA-79', 2, 1, 0, 1, '2023-02-06 00:59:52', '2023-02-06 00:59:52'),
(180, 'KHA-80', 2, 1, 0, 0, '2023-02-06 00:59:52', '2023-02-06 00:59:52'),
(181, 'KHA-81', 2, 1, 0, 1, '2023-02-06 00:59:52', '2023-02-06 00:59:52'),
(182, 'KHA-82', 2, 1, 1, 1, '2023-02-06 00:59:52', '2023-02-06 00:59:52'),
(183, 'KHA-83', 2, 1, 0, 0, '2023-02-06 00:59:52', '2023-02-06 00:59:52'),
(184, 'KHA-84', 2, 1, 0, 0, '2023-02-06 00:59:52', '2023-02-06 00:59:52'),
(185, 'KHA-85', 2, 1, 0, 1, '2023-02-06 00:59:52', '2023-02-06 00:59:52'),
(186, 'KHA-86', 2, 1, 1, 0, '2023-02-06 00:59:52', '2023-02-06 00:59:52'),
(187, 'KHA-87', 2, 1, 0, 0, '2023-02-06 00:59:52', '2023-02-06 00:59:52'),
(188, 'KHA-88', 2, 1, 1, 0, '2023-02-06 00:59:52', '2023-02-06 00:59:52'),
(189, 'KHA-89', 2, 1, 0, 1, '2023-02-06 00:59:52', '2023-02-06 00:59:52'),
(190, 'KHA-90', 2, 1, 0, 0, '2023-02-06 00:59:52', '2023-02-06 00:59:52'),
(191, 'KHA-91', 2, 1, 1, 0, '2023-02-06 00:59:52', '2023-02-06 00:59:52'),
(192, 'KHA-92', 2, 1, 1, 1, '2023-02-06 00:59:52', '2023-02-06 00:59:52'),
(193, 'KHA-93', 2, 1, 0, 0, '2023-02-06 00:59:52', '2023-02-06 00:59:52'),
(194, 'KHA-94', 2, 1, 1, 0, '2023-02-06 00:59:52', '2023-02-06 00:59:52'),
(195, 'KHA-95', 2, 1, 1, 0, '2023-02-06 00:59:52', '2023-02-06 00:59:52'),
(196, 'KHA-96', 2, 1, 0, 1, '2023-02-06 00:59:52', '2023-02-06 00:59:52'),
(197, 'KHA-97', 2, 1, 1, 1, '2023-02-06 00:59:52', '2023-02-06 00:59:52'),
(198, 'KHA-98', 2, 1, 0, 0, '2023-02-06 00:59:52', '2023-02-06 00:59:52'),
(199, 'KHA-99', 2, 1, 0, 1, '2023-02-06 00:59:52', '2023-02-06 00:59:52'),
(200, 'KHA-100', 2, 1, 1, 0, '2023-02-06 00:59:52', '2023-02-06 00:59:52'),
(201, 'KA-1', 3, 2, 0, 1, '2023-02-06 00:59:52', '2023-02-06 00:59:52'),
(202, 'KA-2', 3, 2, 0, 0, '2023-02-06 00:59:52', '2023-02-06 00:59:52'),
(203, 'KA-3', 3, 2, 1, 0, '2023-02-06 00:59:52', '2023-02-06 00:59:52'),
(204, 'KA-4', 3, 2, 0, 1, '2023-02-06 00:59:52', '2023-02-06 00:59:52'),
(205, 'KA-5', 3, 2, 0, 1, '2023-02-06 00:59:52', '2023-02-06 00:59:52'),
(206, 'KA-6', 3, 2, 1, 1, '2023-02-06 00:59:52', '2023-02-06 00:59:52'),
(207, 'KA-7', 3, 2, 1, 0, '2023-02-06 00:59:52', '2023-02-06 00:59:52'),
(208, 'KA-8', 3, 2, 0, 1, '2023-02-06 00:59:52', '2023-02-06 00:59:52'),
(209, 'KA-9', 3, 2, 0, 0, '2023-02-06 00:59:52', '2023-02-06 00:59:52'),
(210, 'KA-10', 3, 2, 0, 1, '2023-02-06 00:59:52', '2023-02-06 00:59:52'),
(211, 'KA-11', 3, 2, 1, 1, '2023-02-06 00:59:52', '2023-02-06 00:59:52'),
(212, 'KA-12', 3, 2, 1, 0, '2023-02-06 00:59:52', '2023-02-06 00:59:52'),
(213, 'KA-13', 3, 2, 1, 0, '2023-02-06 00:59:52', '2023-02-06 00:59:52'),
(214, 'KA-14', 3, 2, 0, 1, '2023-02-06 00:59:52', '2023-02-06 00:59:52'),
(215, 'KA-15', 3, 2, 0, 1, '2023-02-06 00:59:52', '2023-02-06 00:59:52'),
(216, 'KA-16', 3, 2, 1, 1, '2023-02-06 00:59:52', '2023-02-06 00:59:52'),
(217, 'KA-17', 3, 2, 0, 1, '2023-02-06 00:59:52', '2023-02-06 00:59:52'),
(218, 'KA-18', 3, 2, 1, 1, '2023-02-06 00:59:52', '2023-02-06 00:59:52'),
(219, 'KA-19', 3, 2, 0, 1, '2023-02-06 00:59:52', '2023-02-06 00:59:52'),
(220, 'KA-20', 3, 2, 0, 1, '2023-02-06 00:59:52', '2023-02-06 00:59:52'),
(221, 'KA-21', 3, 2, 1, 0, '2023-02-06 00:59:52', '2023-02-06 00:59:52'),
(222, 'KA-22', 3, 2, 0, 1, '2023-02-06 00:59:52', '2023-02-06 00:59:52'),
(223, 'KA-23', 3, 2, 1, 0, '2023-02-06 00:59:52', '2023-02-06 00:59:52'),
(224, 'KA-24', 3, 2, 0, 0, '2023-02-06 00:59:52', '2023-02-06 00:59:52'),
(225, 'KA-25', 3, 2, 0, 1, '2023-02-06 00:59:52', '2023-02-06 00:59:52'),
(226, 'KA-26', 3, 2, 1, 0, '2023-02-06 00:59:52', '2023-02-06 00:59:52'),
(227, 'KA-27', 3, 2, 0, 0, '2023-02-06 00:59:52', '2023-02-06 00:59:52'),
(228, 'KA-28', 3, 2, 0, 0, '2023-02-06 00:59:52', '2023-02-06 00:59:52'),
(229, 'KA-29', 3, 2, 0, 0, '2023-02-06 00:59:52', '2023-02-06 00:59:52'),
(230, 'KA-30', 3, 2, 1, 0, '2023-02-06 00:59:52', '2023-02-06 00:59:52'),
(231, 'KA-31', 3, 2, 1, 0, '2023-02-06 00:59:52', '2023-02-06 00:59:52'),
(232, 'KA-32', 3, 2, 1, 1, '2023-02-06 00:59:52', '2023-02-06 00:59:52'),
(233, 'KA-33', 3, 2, 1, 1, '2023-02-06 00:59:52', '2023-02-06 00:59:52'),
(234, 'KA-34', 3, 2, 0, 0, '2023-02-06 00:59:52', '2023-02-06 00:59:52'),
(235, 'KA-35', 3, 2, 0, 0, '2023-02-06 00:59:52', '2023-02-06 00:59:52'),
(236, 'KA-36', 3, 2, 0, 0, '2023-02-06 00:59:52', '2023-02-06 00:59:52'),
(237, 'KA-37', 3, 2, 0, 0, '2023-02-06 00:59:52', '2023-02-06 00:59:52'),
(238, 'KA-38', 3, 2, 1, 0, '2023-02-06 00:59:52', '2023-02-06 00:59:52'),
(239, 'KA-39', 3, 2, 1, 1, '2023-02-06 00:59:52', '2023-02-06 00:59:52'),
(240, 'KA-40', 3, 2, 1, 1, '2023-02-06 00:59:52', '2023-02-06 00:59:52'),
(241, 'KA-41', 3, 2, 0, 1, '2023-02-06 00:59:52', '2023-02-06 00:59:52'),
(242, 'KA-42', 3, 2, 1, 1, '2023-02-06 00:59:52', '2023-02-06 00:59:52'),
(243, 'KA-43', 3, 2, 0, 1, '2023-02-06 00:59:52', '2023-02-06 00:59:52'),
(244, 'KA-44', 3, 2, 1, 0, '2023-02-06 00:59:52', '2023-02-06 00:59:52'),
(245, 'KA-45', 3, 2, 0, 1, '2023-02-06 00:59:52', '2023-02-06 00:59:52'),
(246, 'KA-46', 3, 2, 1, 1, '2023-02-06 00:59:52', '2023-02-06 00:59:52'),
(247, 'KA-47', 3, 2, 1, 0, '2023-02-06 00:59:52', '2023-02-06 00:59:52'),
(248, 'KA-48', 3, 2, 1, 0, '2023-02-06 00:59:52', '2023-02-06 00:59:52'),
(249, 'KA-49', 3, 2, 1, 1, '2023-02-06 00:59:52', '2023-02-06 00:59:52'),
(250, 'KA-50', 3, 2, 1, 0, '2023-02-06 00:59:52', '2023-02-06 00:59:52'),
(251, 'KA-51', 3, 2, 1, 0, '2023-02-06 00:59:52', '2023-02-06 00:59:52'),
(252, 'KA-52', 3, 2, 1, 1, '2023-02-06 00:59:52', '2023-02-06 00:59:52'),
(253, 'KA-53', 3, 2, 0, 0, '2023-02-06 00:59:52', '2023-02-06 00:59:52'),
(254, 'KA-54', 3, 2, 1, 0, '2023-02-06 00:59:52', '2023-02-06 00:59:52'),
(255, 'KA-55', 3, 2, 1, 1, '2023-02-06 00:59:52', '2023-02-06 00:59:52'),
(256, 'KA-56', 3, 2, 1, 0, '2023-02-06 00:59:52', '2023-02-06 00:59:52'),
(257, 'KA-57', 3, 2, 1, 0, '2023-02-06 00:59:52', '2023-02-06 00:59:52'),
(258, 'KA-58', 3, 2, 1, 0, '2023-02-06 00:59:52', '2023-02-06 00:59:52'),
(259, 'KA-59', 3, 2, 1, 0, '2023-02-06 00:59:52', '2023-02-06 00:59:52'),
(260, 'KA-60', 3, 2, 0, 1, '2023-02-06 00:59:52', '2023-02-06 00:59:52'),
(261, 'KA-61', 3, 2, 0, 1, '2023-02-06 00:59:52', '2023-02-06 00:59:52'),
(262, 'KA-62', 3, 2, 1, 0, '2023-02-06 00:59:52', '2023-02-06 00:59:52'),
(263, 'KA-63', 3, 2, 0, 1, '2023-02-06 00:59:52', '2023-02-06 00:59:52'),
(264, 'KA-64', 3, 2, 1, 1, '2023-02-06 00:59:52', '2023-02-06 00:59:52'),
(265, 'KA-65', 3, 2, 1, 0, '2023-02-06 00:59:52', '2023-02-06 00:59:52'),
(266, 'KA-66', 3, 2, 0, 1, '2023-02-06 00:59:52', '2023-02-06 00:59:52'),
(267, 'KA-67', 3, 2, 0, 0, '2023-02-06 00:59:52', '2023-02-06 00:59:52'),
(268, 'KA-68', 3, 2, 1, 0, '2023-02-06 00:59:52', '2023-02-06 00:59:52'),
(269, 'KA-69', 3, 2, 1, 1, '2023-02-06 00:59:52', '2023-02-06 00:59:52'),
(270, 'KA-70', 3, 2, 1, 1, '2023-02-06 00:59:52', '2023-02-06 00:59:52'),
(271, 'KA-71', 3, 2, 1, 0, '2023-02-06 00:59:52', '2023-02-06 00:59:52'),
(272, 'KA-72', 3, 2, 1, 0, '2023-02-06 00:59:52', '2023-02-06 00:59:52'),
(273, 'KA-73', 3, 2, 1, 0, '2023-02-06 00:59:52', '2023-02-06 00:59:52'),
(274, 'KA-74', 3, 2, 1, 0, '2023-02-06 00:59:52', '2023-02-06 00:59:52'),
(275, 'KA-75', 3, 2, 0, 0, '2023-02-06 00:59:52', '2023-02-06 00:59:52'),
(276, 'KA-76', 3, 2, 1, 0, '2023-02-06 00:59:52', '2023-02-06 00:59:52'),
(277, 'KA-77', 3, 2, 0, 0, '2023-02-06 00:59:52', '2023-02-06 00:59:52'),
(278, 'KA-78', 3, 2, 1, 1, '2023-02-06 00:59:52', '2023-02-06 00:59:52'),
(279, 'KA-79', 3, 2, 1, 0, '2023-02-06 00:59:52', '2023-02-06 00:59:52'),
(280, 'KA-80', 3, 2, 1, 0, '2023-02-06 00:59:52', '2023-02-06 00:59:52'),
(281, 'KA-81', 3, 2, 1, 0, '2023-02-06 00:59:52', '2023-02-06 00:59:52'),
(282, 'KA-82', 3, 2, 1, 1, '2023-02-06 00:59:52', '2023-02-06 00:59:52'),
(283, 'KA-83', 3, 2, 1, 1, '2023-02-06 00:59:52', '2023-02-06 00:59:52'),
(284, 'KA-84', 3, 2, 0, 0, '2023-02-06 00:59:52', '2023-02-06 00:59:52'),
(285, 'KA-85', 3, 2, 0, 1, '2023-02-06 00:59:52', '2023-02-06 00:59:52'),
(286, 'KA-86', 3, 2, 1, 0, '2023-02-06 00:59:52', '2023-02-06 00:59:52'),
(287, 'KA-87', 3, 2, 0, 0, '2023-02-06 00:59:52', '2023-02-06 00:59:52'),
(288, 'KA-88', 3, 2, 1, 1, '2023-02-06 00:59:52', '2023-02-06 00:59:52'),
(289, 'KA-89', 3, 2, 0, 1, '2023-02-06 00:59:52', '2023-02-06 00:59:52'),
(290, 'KA-90', 3, 2, 1, 0, '2023-02-06 00:59:52', '2023-02-06 00:59:52'),
(291, 'KA-91', 3, 2, 1, 1, '2023-02-06 00:59:52', '2023-02-06 00:59:52'),
(292, 'KA-92', 3, 2, 0, 0, '2023-02-06 00:59:52', '2023-02-06 00:59:52'),
(293, 'KA-93', 3, 2, 1, 0, '2023-02-06 00:59:52', '2023-02-06 00:59:52'),
(294, 'KA-94', 3, 2, 0, 0, '2023-02-06 00:59:52', '2023-02-06 00:59:52'),
(295, 'KA-95', 3, 2, 1, 0, '2023-02-06 00:59:52', '2023-02-06 00:59:52'),
(296, 'KA-96', 3, 2, 0, 0, '2023-02-06 00:59:52', '2023-02-06 00:59:52'),
(297, 'KA-97', 3, 2, 1, 1, '2023-02-06 00:59:52', '2023-02-06 00:59:52'),
(298, 'KA-98', 3, 2, 0, 1, '2023-02-06 00:59:52', '2023-02-06 00:59:52'),
(299, 'KA-99', 3, 2, 1, 1, '2023-02-06 00:59:52', '2023-02-06 00:59:52'),
(300, 'KA-100', 3, 2, 0, 0, '2023-02-06 00:59:52', '2023-02-06 00:59:52'),
(301, 'KHA-1', 4, 2, 1, 0, '2023-02-06 00:59:52', '2023-02-06 00:59:52'),
(302, 'KHA-2', 4, 2, 1, 0, '2023-02-06 00:59:52', '2023-02-06 00:59:52'),
(303, 'KHA-3', 4, 2, 1, 0, '2023-02-06 00:59:52', '2023-02-06 00:59:52'),
(304, 'KHA-4', 4, 2, 0, 0, '2023-02-06 00:59:52', '2023-02-06 00:59:52'),
(305, 'KHA-5', 4, 2, 0, 1, '2023-02-06 00:59:52', '2023-02-06 00:59:52'),
(306, 'KHA-6', 4, 2, 0, 1, '2023-02-06 00:59:52', '2023-02-06 00:59:52'),
(307, 'KHA-7', 4, 2, 0, 1, '2023-02-06 00:59:52', '2023-02-06 00:59:52'),
(308, 'KHA-8', 4, 2, 1, 0, '2023-02-06 00:59:52', '2023-02-06 00:59:52'),
(309, 'KHA-9', 4, 2, 0, 0, '2023-02-06 00:59:52', '2023-02-06 00:59:52'),
(310, 'KHA-10', 4, 2, 1, 1, '2023-02-06 00:59:52', '2023-02-06 00:59:52'),
(311, 'KHA-11', 4, 2, 0, 0, '2023-02-06 00:59:52', '2023-02-06 00:59:52'),
(312, 'KHA-12', 4, 2, 1, 0, '2023-02-06 00:59:52', '2023-02-06 00:59:52'),
(313, 'KHA-13', 4, 2, 0, 1, '2023-02-06 00:59:52', '2023-02-06 00:59:52'),
(314, 'KHA-14', 4, 2, 1, 1, '2023-02-06 00:59:52', '2023-02-06 00:59:52'),
(315, 'KHA-15', 4, 2, 1, 1, '2023-02-06 00:59:52', '2023-02-06 00:59:52'),
(316, 'KHA-16', 4, 2, 0, 0, '2023-02-06 00:59:52', '2023-02-06 00:59:52'),
(317, 'KHA-17', 4, 2, 1, 0, '2023-02-06 00:59:52', '2023-02-06 00:59:52'),
(318, 'KHA-18', 4, 2, 1, 0, '2023-02-06 00:59:52', '2023-02-06 00:59:52'),
(319, 'KHA-19', 4, 2, 1, 1, '2023-02-06 00:59:52', '2023-02-06 00:59:52'),
(320, 'KHA-20', 4, 2, 0, 1, '2023-02-06 00:59:52', '2023-02-06 00:59:52'),
(321, 'KHA-21', 4, 2, 1, 1, '2023-02-06 00:59:52', '2023-02-06 00:59:52'),
(322, 'KHA-22', 4, 2, 0, 0, '2023-02-06 00:59:52', '2023-02-06 00:59:52'),
(323, 'KHA-23', 4, 2, 1, 1, '2023-02-06 00:59:52', '2023-02-06 00:59:52'),
(324, 'KHA-24', 4, 2, 1, 0, '2023-02-06 00:59:52', '2023-02-06 00:59:52'),
(325, 'KHA-25', 4, 2, 1, 0, '2023-02-06 00:59:52', '2023-02-06 00:59:52'),
(326, 'KHA-26', 4, 2, 1, 0, '2023-02-06 00:59:52', '2023-02-06 00:59:52'),
(327, 'KHA-27', 4, 2, 0, 1, '2023-02-06 00:59:52', '2023-02-06 00:59:52'),
(328, 'KHA-28', 4, 2, 0, 1, '2023-02-06 00:59:52', '2023-02-06 00:59:52'),
(329, 'KHA-29', 4, 2, 1, 0, '2023-02-06 00:59:52', '2023-02-06 00:59:52'),
(330, 'KHA-30', 4, 2, 1, 1, '2023-02-06 00:59:52', '2023-02-06 00:59:52'),
(331, 'KHA-31', 4, 2, 0, 0, '2023-02-06 00:59:52', '2023-02-06 00:59:52'),
(332, 'KHA-32', 4, 2, 1, 0, '2023-02-06 00:59:52', '2023-02-06 00:59:52'),
(333, 'KHA-33', 4, 2, 1, 0, '2023-02-06 00:59:52', '2023-02-06 00:59:52'),
(334, 'KHA-34', 4, 2, 1, 1, '2023-02-06 00:59:52', '2023-02-06 00:59:52'),
(335, 'KHA-35', 4, 2, 0, 1, '2023-02-06 00:59:52', '2023-02-06 00:59:52'),
(336, 'KHA-36', 4, 2, 0, 1, '2023-02-06 00:59:52', '2023-02-06 00:59:52'),
(337, 'KHA-37', 4, 2, 1, 0, '2023-02-06 00:59:52', '2023-02-06 00:59:52'),
(338, 'KHA-38', 4, 2, 1, 0, '2023-02-06 00:59:52', '2023-02-06 00:59:52'),
(339, 'KHA-39', 4, 2, 0, 1, '2023-02-06 00:59:52', '2023-02-06 00:59:52'),
(340, 'KHA-40', 4, 2, 0, 0, '2023-02-06 00:59:52', '2023-02-06 00:59:52'),
(341, 'KHA-41', 4, 2, 0, 1, '2023-02-06 00:59:52', '2023-02-06 00:59:52'),
(342, 'KHA-42', 4, 2, 0, 1, '2023-02-06 00:59:52', '2023-02-06 00:59:52'),
(343, 'KHA-43', 4, 2, 1, 0, '2023-02-06 00:59:52', '2023-02-06 00:59:52'),
(344, 'KHA-44', 4, 2, 1, 1, '2023-02-06 00:59:52', '2023-02-06 00:59:52'),
(345, 'KHA-45', 4, 2, 1, 0, '2023-02-06 00:59:52', '2023-02-06 00:59:52'),
(346, 'KHA-46', 4, 2, 1, 0, '2023-02-06 00:59:52', '2023-02-06 00:59:52'),
(347, 'KHA-47', 4, 2, 0, 1, '2023-02-06 00:59:52', '2023-02-06 00:59:52'),
(348, 'KHA-48', 4, 2, 0, 1, '2023-02-06 00:59:52', '2023-02-06 00:59:52'),
(349, 'KHA-49', 4, 2, 1, 0, '2023-02-06 00:59:52', '2023-02-06 00:59:52'),
(350, 'KHA-50', 4, 2, 0, 0, '2023-02-06 00:59:52', '2023-02-06 00:59:52'),
(351, 'KHA-51', 4, 2, 1, 1, '2023-02-06 00:59:52', '2023-02-06 00:59:52'),
(352, 'KHA-52', 4, 2, 0, 1, '2023-02-06 00:59:52', '2023-02-06 00:59:52'),
(353, 'KHA-53', 4, 2, 0, 1, '2023-02-06 00:59:52', '2023-02-06 00:59:52'),
(354, 'KHA-54', 4, 2, 0, 0, '2023-02-06 00:59:52', '2023-02-06 00:59:52'),
(355, 'KHA-55', 4, 2, 0, 0, '2023-02-06 00:59:52', '2023-02-06 00:59:52'),
(356, 'KHA-56', 4, 2, 0, 0, '2023-02-06 00:59:52', '2023-02-06 00:59:52'),
(357, 'KHA-57', 4, 2, 0, 1, '2023-02-06 00:59:52', '2023-02-06 00:59:52'),
(358, 'KHA-58', 4, 2, 0, 0, '2023-02-06 00:59:52', '2023-02-06 00:59:52'),
(359, 'KHA-59', 4, 2, 0, 0, '2023-02-06 00:59:52', '2023-02-06 00:59:52'),
(360, 'KHA-60', 4, 2, 1, 0, '2023-02-06 00:59:52', '2023-02-06 00:59:52'),
(361, 'KHA-61', 4, 2, 0, 1, '2023-02-06 00:59:52', '2023-02-06 00:59:52'),
(362, 'KHA-62', 4, 2, 1, 1, '2023-02-06 00:59:52', '2023-02-06 00:59:52'),
(363, 'KHA-63', 4, 2, 1, 1, '2023-02-06 00:59:52', '2023-02-06 00:59:52'),
(364, 'KHA-64', 4, 2, 0, 0, '2023-02-06 00:59:52', '2023-02-06 00:59:52'),
(365, 'KHA-65', 4, 2, 0, 1, '2023-02-06 00:59:52', '2023-02-06 00:59:52'),
(366, 'KHA-66', 4, 2, 0, 1, '2023-02-06 00:59:52', '2023-02-06 00:59:52'),
(367, 'KHA-67', 4, 2, 1, 1, '2023-02-06 00:59:52', '2023-02-06 00:59:52'),
(368, 'KHA-68', 4, 2, 1, 1, '2023-02-06 00:59:52', '2023-02-06 00:59:52'),
(369, 'KHA-69', 4, 2, 0, 0, '2023-02-06 00:59:52', '2023-02-06 00:59:52'),
(370, 'KHA-70', 4, 2, 1, 1, '2023-02-06 00:59:52', '2023-02-06 00:59:52'),
(371, 'KHA-71', 4, 2, 1, 1, '2023-02-06 00:59:52', '2023-02-06 00:59:52'),
(372, 'KHA-72', 4, 2, 0, 1, '2023-02-06 00:59:52', '2023-02-06 00:59:52'),
(373, 'KHA-73', 4, 2, 1, 1, '2023-02-06 00:59:52', '2023-02-06 00:59:52'),
(374, 'KHA-74', 4, 2, 0, 0, '2023-02-06 00:59:52', '2023-02-06 00:59:52'),
(375, 'KHA-75', 4, 2, 1, 0, '2023-02-06 00:59:52', '2023-02-06 00:59:52'),
(376, 'KHA-76', 4, 2, 1, 0, '2023-02-06 00:59:52', '2023-02-06 00:59:52'),
(377, 'KHA-77', 4, 2, 1, 1, '2023-02-06 00:59:52', '2023-02-06 00:59:52'),
(378, 'KHA-78', 4, 2, 0, 1, '2023-02-06 00:59:52', '2023-02-06 00:59:52'),
(379, 'KHA-79', 4, 2, 1, 1, '2023-02-06 00:59:52', '2023-02-06 00:59:52'),
(380, 'KHA-80', 4, 2, 0, 1, '2023-02-06 00:59:52', '2023-02-06 00:59:52'),
(381, 'KHA-81', 4, 2, 0, 1, '2023-02-06 00:59:52', '2023-02-06 00:59:52'),
(382, 'KHA-82', 4, 2, 1, 1, '2023-02-06 00:59:52', '2023-02-06 00:59:52'),
(383, 'KHA-83', 4, 2, 0, 0, '2023-02-06 00:59:52', '2023-02-06 00:59:52'),
(384, 'KHA-84', 4, 2, 0, 0, '2023-02-06 00:59:52', '2023-02-06 00:59:52'),
(385, 'KHA-85', 4, 2, 1, 0, '2023-02-06 00:59:52', '2023-02-06 00:59:52'),
(386, 'KHA-86', 4, 2, 0, 1, '2023-02-06 00:59:52', '2023-02-06 00:59:52'),
(387, 'KHA-87', 4, 2, 0, 1, '2023-02-06 00:59:52', '2023-02-06 00:59:52'),
(388, 'KHA-88', 4, 2, 1, 1, '2023-02-06 00:59:52', '2023-02-06 00:59:52'),
(389, 'KHA-89', 4, 2, 1, 0, '2023-02-06 00:59:52', '2023-02-06 00:59:52'),
(390, 'KHA-90', 4, 2, 1, 1, '2023-02-06 00:59:52', '2023-02-06 00:59:52'),
(391, 'KHA-91', 4, 2, 0, 1, '2023-02-06 00:59:52', '2023-02-06 00:59:52'),
(392, 'KHA-92', 4, 2, 0, 0, '2023-02-06 00:59:52', '2023-02-06 00:59:52'),
(393, 'KHA-93', 4, 2, 0, 1, '2023-02-06 00:59:52', '2023-02-06 00:59:52'),
(394, 'KHA-94', 4, 2, 0, 0, '2023-02-06 00:59:52', '2023-02-06 00:59:52'),
(395, 'KHA-95', 4, 2, 1, 0, '2023-02-06 00:59:52', '2023-02-06 00:59:52'),
(396, 'KHA-96', 4, 2, 1, 1, '2023-02-06 00:59:52', '2023-02-06 00:59:52'),
(397, 'KHA-97', 4, 2, 1, 1, '2023-02-06 00:59:52', '2023-02-06 00:59:52'),
(398, 'KHA-98', 4, 2, 1, 0, '2023-02-06 00:59:52', '2023-02-06 00:59:52'),
(399, 'KHA-99', 4, 2, 0, 1, '2023-02-06 00:59:52', '2023-02-06 00:59:52'),
(400, 'KHA-100', 4, 2, 0, 0, '2023-02-06 00:59:52', '2023-02-06 00:59:52');

-- --------------------------------------------------------

--
-- Table structure for table `stations`
--

CREATE TABLE `stations` (
  `id` bigint(20) UNSIGNED NOT NULL,
  `name` varchar(255) NOT NULL,
  `address` varchar(255) NOT NULL,
  `lat` decimal(10,7) NOT NULL,
  `lon` decimal(10,7) NOT NULL,
  `created_at` timestamp NULL DEFAULT NULL,
  `updated_at` timestamp NULL DEFAULT NULL
) ENGINE=InnoDB DEFAULT CHARSET=utf8mb4 COLLATE=utf8mb4_unicode_ci;

--
-- Dumping data for table `stations`
--

INSERT INTO `stations` (`id`, `name`, `address`, `lat`, `lon`, `created_at`, `updated_at`) VALUES
(1, 'Dhaka', 'Dhaka', '90.3340000', '92.1540000', NULL, NULL),
(2, 'Dhaka Bimanbondor', 'Dhaka Bimanbondor', '90.3134000', '92.1254000', NULL, NULL),
(3, 'Khulna', 'Khulna', '90.2313400', '92.3125400', NULL, NULL);

-- --------------------------------------------------------

--
-- Table structure for table `tickets`
--

CREATE TABLE `tickets` (
  `id` bigint(20) UNSIGNED NOT NULL,
  `station_from` bigint(20) UNSIGNED NOT NULL,
  `station_to` bigint(20) UNSIGNED NOT NULL,
  `user_id` bigint(20) UNSIGNED NOT NULL,
  `price` double(8,2) NOT NULL,
  `train_name` varchar(255) NOT NULL,
  `journey_time` datetime NOT NULL,
  `bogi_name` varchar(255) NOT NULL,
  `seat_name` varchar(255) NOT NULL,
  `created_at` timestamp NULL DEFAULT NULL,
  `updated_at` timestamp NULL DEFAULT NULL
) ENGINE=InnoDB DEFAULT CHARSET=utf8mb4 COLLATE=utf8mb4_unicode_ci;

-- --------------------------------------------------------

--
-- Table structure for table `trains`
--

CREATE TABLE `trains` (
  `id` bigint(20) UNSIGNED NOT NULL,
  `name` varchar(255) NOT NULL,
  `date` date NOT NULL,
  `home_station_id` bigint(20) UNSIGNED NOT NULL,
  `start_time` time NOT NULL,
  `created_at` timestamp NULL DEFAULT NULL,
  `updated_at` timestamp NULL DEFAULT NULL
) ENGINE=InnoDB DEFAULT CHARSET=utf8mb4 COLLATE=utf8mb4_unicode_ci;

--
-- Dumping data for table `trains`
--

INSERT INTO `trains` (`id`, `name`, `date`, `home_station_id`, `start_time`, `created_at`, `updated_at`) VALUES
(1, 'Chitra', '2023-06-02', 1, '06:00:00', NULL, NULL),
(2, 'Sundarban', '2023-06-02', 1, '12:00:00', NULL, NULL),
(3, 'Test Train', '2023-02-16', 1, '06:00:00', '2023-02-07 11:49:31', '2023-02-07 11:49:31');

-- --------------------------------------------------------

--
-- Table structure for table `users`
--

CREATE TABLE `users` (
  `id` bigint(20) UNSIGNED NOT NULL,
  `name` varchar(255) NOT NULL,
  `email` varchar(255) NOT NULL,
  `email_verified_at` timestamp NULL DEFAULT NULL,
  `password` varchar(255) NOT NULL,
  `remember_token` varchar(100) DEFAULT NULL,
  `created_at` timestamp NULL DEFAULT NULL,
  `updated_at` timestamp NULL DEFAULT NULL
) ENGINE=InnoDB DEFAULT CHARSET=utf8mb4 COLLATE=utf8mb4_unicode_ci;

--
-- Dumping data for table `users`
--

INSERT INTO `users` (`id`, `name`, `email`, `email_verified_at`, `password`, `remember_token`, `created_at`, `updated_at`) VALUES
(1, 'Naymur Rahman', 'naymur@example.com', NULL, '$2y$10$U/JeFahOqeMB70l.xSE1ZuZLCvoNZinH7gNvHtSpqd2VXxa43h/Qm', '8we5HAIMwt', '2023-02-06 00:59:51', '2023-02-06 00:59:51');

--
-- Indexes for dumped tables
--

--
-- Indexes for table `bogis`
--
ALTER TABLE `bogis`
  ADD PRIMARY KEY (`id`),
  ADD KEY `bogis_train_id_foreign` (`train_id`);

--
-- Indexes for table `failed_jobs`
--
ALTER TABLE `failed_jobs`
  ADD PRIMARY KEY (`id`),
  ADD UNIQUE KEY `failed_jobs_uuid_unique` (`uuid`);

--
-- Indexes for table `migrations`
--
ALTER TABLE `migrations`
  ADD PRIMARY KEY (`id`);

--
-- Indexes for table `password_resets`
--
ALTER TABLE `password_resets`
  ADD KEY `password_resets_email_index` (`email`);

--
-- Indexes for table `personal_access_tokens`
--
ALTER TABLE `personal_access_tokens`
  ADD PRIMARY KEY (`id`),
  ADD UNIQUE KEY `personal_access_tokens_token_unique` (`token`),
  ADD KEY `personal_access_tokens_tokenable_type_tokenable_id_index` (`tokenable_type`,`tokenable_id`);

--
-- Indexes for table `schedules`
--
ALTER TABLE `schedules`
  ADD PRIMARY KEY (`id`),
  ADD KEY `schedules_train_id_foreign` (`train_id`),
  ADD KEY `schedules_station_id_foreign` (`station_id`);

--
-- Indexes for table `seats`
--
ALTER TABLE `seats`
  ADD PRIMARY KEY (`id`),
  ADD KEY `seats_bogi_id_foreign` (`bogi_id`),
  ADD KEY `seats_train_id_foreign` (`train_id`);

--
-- Indexes for table `stations`
--
ALTER TABLE `stations`
  ADD PRIMARY KEY (`id`),
  ADD UNIQUE KEY `stations_name_address_lat_lon_unique` (`name`,`address`,`lat`,`lon`);

--
-- Indexes for table `tickets`
--
ALTER TABLE `tickets`
  ADD PRIMARY KEY (`id`),
  ADD KEY `tickets_station_from_foreign` (`station_from`),
  ADD KEY `tickets_station_to_foreign` (`station_to`),
  ADD KEY `tickets_user_id_foreign` (`user_id`);

--
-- Indexes for table `trains`
--
ALTER TABLE `trains`
  ADD PRIMARY KEY (`id`),
  ADD KEY `trains_home_station_id_foreign` (`home_station_id`);

--
-- Indexes for table `users`
--
ALTER TABLE `users`
  ADD PRIMARY KEY (`id`),
  ADD UNIQUE KEY `users_email_unique` (`email`);

--
-- AUTO_INCREMENT for dumped tables
--

--
-- AUTO_INCREMENT for table `bogis`
--
ALTER TABLE `bogis`
  MODIFY `id` bigint(20) UNSIGNED NOT NULL AUTO_INCREMENT, AUTO_INCREMENT=5;

--
-- AUTO_INCREMENT for table `failed_jobs`
--
ALTER TABLE `failed_jobs`
  MODIFY `id` bigint(20) UNSIGNED NOT NULL AUTO_INCREMENT;

--
-- AUTO_INCREMENT for table `migrations`
--
ALTER TABLE `migrations`
  MODIFY `id` int(10) UNSIGNED NOT NULL AUTO_INCREMENT, AUTO_INCREMENT=11;

--
-- AUTO_INCREMENT for table `personal_access_tokens`
--
ALTER TABLE `personal_access_tokens`
  MODIFY `id` bigint(20) UNSIGNED NOT NULL AUTO_INCREMENT;

--
-- AUTO_INCREMENT for table `schedules`
--
ALTER TABLE `schedules`
  MODIFY `id` bigint(20) UNSIGNED NOT NULL AUTO_INCREMENT, AUTO_INCREMENT=2;

--
-- AUTO_INCREMENT for table `seats`
--
ALTER TABLE `seats`
  MODIFY `id` bigint(20) UNSIGNED NOT NULL AUTO_INCREMENT, AUTO_INCREMENT=401;

--
-- AUTO_INCREMENT for table `stations`
--
ALTER TABLE `stations`
  MODIFY `id` bigint(20) UNSIGNED NOT NULL AUTO_INCREMENT, AUTO_INCREMENT=4;

--
-- AUTO_INCREMENT for table `tickets`
--
ALTER TABLE `tickets`
  MODIFY `id` bigint(20) UNSIGNED NOT NULL AUTO_INCREMENT;

--
-- AUTO_INCREMENT for table `trains`
--
ALTER TABLE `trains`
  MODIFY `id` bigint(20) UNSIGNED NOT NULL AUTO_INCREMENT, AUTO_INCREMENT=6;

--
-- AUTO_INCREMENT for table `users`
--
ALTER TABLE `users`
  MODIFY `id` bigint(20) UNSIGNED NOT NULL AUTO_INCREMENT, AUTO_INCREMENT=2;

--
-- Constraints for dumped tables
--

--
-- Constraints for table `bogis`
--
ALTER TABLE `bogis`
  ADD CONSTRAINT `bogis_train_id_foreign` FOREIGN KEY (`train_id`) REFERENCES `trains` (`id`);

--
-- Constraints for table `schedules`
--
ALTER TABLE `schedules`
  ADD CONSTRAINT `schedules_station_id_foreign` FOREIGN KEY (`station_id`) REFERENCES `stations` (`id`),
  ADD CONSTRAINT `schedules_train_id_foreign` FOREIGN KEY (`train_id`) REFERENCES `trains` (`id`);

--
-- Constraints for table `seats`
--
ALTER TABLE `seats`
  ADD CONSTRAINT `seats_bogi_id_foreign` FOREIGN KEY (`bogi_id`) REFERENCES `bogis` (`id`) ON DELETE CASCADE,
  ADD CONSTRAINT `seats_train_id_foreign` FOREIGN KEY (`train_id`) REFERENCES `trains` (`id`);

--
-- Constraints for table `tickets`
--
ALTER TABLE `tickets`
  ADD CONSTRAINT `tickets_station_from_foreign` FOREIGN KEY (`station_from`) REFERENCES `stations` (`id`),
  ADD CONSTRAINT `tickets_station_to_foreign` FOREIGN KEY (`station_to`) REFERENCES `stations` (`id`),
  ADD CONSTRAINT `tickets_user_id_foreign` FOREIGN KEY (`user_id`) REFERENCES `users` (`id`);

--
-- Constraints for table `trains`
--
ALTER TABLE `trains`
  ADD CONSTRAINT `trains_home_station_id_foreign` FOREIGN KEY (`home_station_id`) REFERENCES `stations` (`id`);
COMMIT;

/*!40101 SET CHARACTER_SET_CLIENT=@OLD_CHARACTER_SET_CLIENT */;
/*!40101 SET CHARACTER_SET_RESULTS=@OLD_CHARACTER_SET_RESULTS */;
/*!40101 SET COLLATION_CONNECTION=@OLD_COLLATION_CONNECTION */;
