-- phpMyAdmin SQL Dump
-- version 5.2.0
-- https://www.phpmyadmin.net/
--
-- Host: 127.0.0.1
-- Generation Time: Feb 26, 2023 at 02:37 AM
-- Server version: 10.4.27-MariaDB
-- PHP Version: 8.1.12

SET SQL_MODE = "NO_AUTO_VALUE_ON_ZERO";
START TRANSACTION;
SET time_zone = "+00:00";


/*!40101 SET @OLD_CHARACTER_SET_CLIENT=@@CHARACTER_SET_CLIENT */;
/*!40101 SET @OLD_CHARACTER_SET_RESULTS=@@CHARACTER_SET_RESULTS */;
/*!40101 SET @OLD_COLLATION_CONNECTION=@@COLLATION_CONNECTION */;
/*!40101 SET NAMES utf8mb4 */;

--
-- Database: `e_ticket`
--

-- --------------------------------------------------------

--
-- Table structure for table `bogis`
--

CREATE TABLE `bogis` (
  `id` bigint(20) UNSIGNED NOT NULL,
  `bogi_name` varchar(255) NOT NULL,
  `train_id` bigint(20) UNSIGNED NOT NULL,
  `bogi_type_id` bigint(20) UNSIGNED NOT NULL,
  `created_at` timestamp NULL DEFAULT NULL,
  `updated_at` timestamp NULL DEFAULT NULL
) ENGINE=InnoDB DEFAULT CHARSET=utf8mb4 COLLATE=utf8mb4_unicode_ci;

--
-- Dumping data for table `bogis`
--

INSERT INTO `bogis` (`id`, `bogi_name`, `train_id`, `bogi_type_id`, `created_at`, `updated_at`) VALUES
(1, 'KA', 1, 1, '2023-02-23 21:49:24', '2023-02-23 21:49:24'),
(2, 'KHA', 1, 1, '2023-02-23 21:49:24', '2023-02-23 21:49:24'),
(3, 'KA', 2, 1, '2023-02-23 21:49:24', '2023-02-23 21:49:24'),
(4, 'KHA', 2, 1, '2023-02-23 21:49:25', '2023-02-23 21:49:25');

-- --------------------------------------------------------

--
-- Table structure for table `bogi_types`
--

CREATE TABLE `bogi_types` (
  `id` bigint(20) UNSIGNED NOT NULL,
  `bogi_type_name` varchar(20) NOT NULL COMMENT 'shovon, s_chair, f_chair, f_seat, f_berth, snigdha, ac_s, ac_b',
  `seat_count` tinyint(3) UNSIGNED NOT NULL COMMENT 'number of seats in this type bogi',
  `created_at` timestamp NULL DEFAULT NULL,
  `updated_at` timestamp NULL DEFAULT NULL
) ENGINE=InnoDB DEFAULT CHARSET=utf8mb4 COLLATE=utf8mb4_unicode_ci;

--
-- Dumping data for table `bogi_types`
--

INSERT INTO `bogi_types` (`id`, `bogi_type_name`, `seat_count`, `created_at`, `updated_at`) VALUES
(1, 's_chair', 105, NULL, NULL),
(2, 'ac_s', 75, NULL, NULL);

-- --------------------------------------------------------

--
-- Table structure for table `failed_jobs`
--

CREATE TABLE `failed_jobs` (
  `id` bigint(20) UNSIGNED NOT NULL,
  `uuid` varchar(255) NOT NULL,
  `connection` text NOT NULL,
  `queue` text NOT NULL,
  `payload` longtext NOT NULL,
  `exception` longtext NOT NULL,
  `failed_at` timestamp NOT NULL DEFAULT current_timestamp()
) ENGINE=InnoDB DEFAULT CHARSET=utf8mb4 COLLATE=utf8mb4_unicode_ci;

-- --------------------------------------------------------

--
-- Table structure for table `migrations`
--

CREATE TABLE `migrations` (
  `id` int(10) UNSIGNED NOT NULL,
  `migration` varchar(255) NOT NULL,
  `batch` int(11) NOT NULL
) ENGINE=InnoDB DEFAULT CHARSET=utf8mb4 COLLATE=utf8mb4_unicode_ci;

--
-- Dumping data for table `migrations`
--

INSERT INTO `migrations` (`id`, `migration`, `batch`) VALUES
(1, '2014_10_12_000000_create_users_table', 1),
(2, '2014_10_12_100000_create_password_resets_table', 1),
(3, '2019_08_19_000000_create_failed_jobs_table', 1),
(4, '2019_12_14_000001_create_personal_access_tokens_table', 1),
(5, '2023_01_29_062417_create_stations_table', 1),
(6, '2023_02_22_041923_create_train_lists_table', 1),
(7, '2023_02_22_042824_create_routes_table', 1),
(8, '2023_02_22_051810_create_trains_table', 1),
(9, '2023_02_22_052054_create_schedules_table', 1),
(10, '2023_02_22_052100_create_bogi_types_table', 1),
(11, '2023_02_22_052150_create_bogis_table', 1),
(12, '2023_02_22_052216_create_seats_table', 1),
(13, '2023_02_23_025009_create_seat_ranges_table', 1),
(14, '2023_02_23_033314_create_tickets_table', 1);

-- --------------------------------------------------------

--
-- Table structure for table `password_resets`
--

CREATE TABLE `password_resets` (
  `email` varchar(255) NOT NULL,
  `token` varchar(255) NOT NULL,
  `created_at` timestamp NULL DEFAULT NULL
) ENGINE=InnoDB DEFAULT CHARSET=utf8mb4 COLLATE=utf8mb4_unicode_ci;

-- --------------------------------------------------------

--
-- Table structure for table `personal_access_tokens`
--

CREATE TABLE `personal_access_tokens` (
  `id` bigint(20) UNSIGNED NOT NULL,
  `tokenable_type` varchar(255) NOT NULL,
  `tokenable_id` bigint(20) UNSIGNED NOT NULL,
  `name` varchar(255) NOT NULL,
  `token` varchar(64) NOT NULL,
  `abilities` text DEFAULT NULL,
  `last_used_at` timestamp NULL DEFAULT NULL,
  `created_at` timestamp NULL DEFAULT NULL,
  `updated_at` timestamp NULL DEFAULT NULL
) ENGINE=InnoDB DEFAULT CHARSET=utf8mb4 COLLATE=utf8mb4_unicode_ci;

-- --------------------------------------------------------

--
-- Table structure for table `routes`
--

CREATE TABLE `routes` (
  `route_id` bigint(20) UNSIGNED NOT NULL,
  `station_id` bigint(20) UNSIGNED NOT NULL,
  `time_from_prev_station` time DEFAULT NULL,
  `sl_no` tinyint(3) UNSIGNED NOT NULL,
  `created_at` timestamp NULL DEFAULT NULL,
  `updated_at` timestamp NULL DEFAULT NULL
) ENGINE=InnoDB DEFAULT CHARSET=utf8mb4 COLLATE=utf8mb4_unicode_ci;

--
-- Dumping data for table `routes`
--

INSERT INTO `routes` (`route_id`, `station_id`, `time_from_prev_station`, `sl_no`, `created_at`, `updated_at`) VALUES
(1, 1, NULL, 1, NULL, NULL),
(1, 2, '02:00:00', 2, NULL, NULL),
(1, 3, '00:30:00', 3, NULL, NULL),
(2, 3, NULL, 1, NULL, NULL),
(2, 2, '00:30:00', 2, NULL, NULL),
(2, 1, '02:30:00', 3, NULL, NULL);

-- --------------------------------------------------------

--
-- Table structure for table `schedules`
--

CREATE TABLE `schedules` (
  `id` bigint(20) UNSIGNED NOT NULL,
  `train_id` bigint(20) UNSIGNED NOT NULL,
  `from_station_id` bigint(20) UNSIGNED NOT NULL,
  `to_station_id` bigint(20) UNSIGNED NOT NULL,
  `left_station_at` datetime NOT NULL,
  `reach_destination_at` datetime NOT NULL,
  `ac_b_price` double(8,2) DEFAULT NULL,
  `ac_s_price` double(8,2) DEFAULT NULL,
  `snigdha_price` double(8,2) DEFAULT NULL,
  `f_berth_price` double(8,2) DEFAULT NULL,
  `f_seat_price` double(8,2) DEFAULT NULL,
  `f_chair_price` double(8,2) DEFAULT NULL,
  `s_chair_price` double(8,2) DEFAULT NULL,
  `shovon_price` double(8,2) DEFAULT NULL,
  `created_at` timestamp NULL DEFAULT NULL,
  `updated_at` timestamp NULL DEFAULT NULL
) ENGINE=InnoDB DEFAULT CHARSET=utf8mb4 COLLATE=utf8mb4_unicode_ci;

--
-- Dumping data for table `schedules`
--

INSERT INTO `schedules` (`id`, `train_id`, `from_station_id`, `to_station_id`, `left_station_at`, `reach_destination_at`, `ac_b_price`, `ac_s_price`, `snigdha_price`, `f_berth_price`, `f_seat_price`, `f_chair_price`, `s_chair_price`, `shovon_price`, `created_at`, `updated_at`) VALUES
(1, 1, 1, 2, '2023-02-22 10:00:00', '2023-02-22 12:00:00', NULL, NULL, NULL, NULL, NULL, NULL, NULL, 200.00, NULL, NULL),
(2, 1, 1, 3, '2023-02-22 10:00:00', '2023-02-22 12:30:00', NULL, NULL, NULL, NULL, NULL, NULL, NULL, 250.00, NULL, NULL),
(3, 1, 2, 3, '2023-02-22 12:00:00', '2023-02-22 12:30:00', NULL, NULL, NULL, NULL, NULL, NULL, NULL, 50.00, NULL, NULL);

-- --------------------------------------------------------

--
-- Table structure for table `seats`
--

CREATE TABLE `seats` (
  `id` bigint(20) UNSIGNED NOT NULL,
  `seat_name` varchar(255) NOT NULL,
  `bogi_id` bigint(20) UNSIGNED NOT NULL,
  `booked` tinyint(3) UNSIGNED NOT NULL DEFAULT 0 COMMENT '0=open, 1=selected, 2=booked',
  `created_at` timestamp NULL DEFAULT NULL,
  `updated_at` timestamp NULL DEFAULT NULL
) ENGINE=InnoDB DEFAULT CHARSET=utf8mb4 COLLATE=utf8mb4_unicode_ci;

--
-- Dumping data for table `seats`
--

INSERT INTO `seats` (`id`, `seat_name`, `bogi_id`, `booked`, `created_at`, `updated_at`) VALUES
(1, 'KA-1', 1, 2, '2023-02-23 21:49:24', '2023-02-23 21:49:24'),
(2, 'KA-2', 1, 2, '2023-02-23 21:49:24', '2023-02-23 21:49:24'),
(3, 'KA-3', 1, 1, '2023-02-23 21:49:24', '2023-02-23 21:49:24'),
(4, 'KA-4', 1, 0, '2023-02-23 21:49:24', '2023-02-23 21:49:24'),
(5, 'KA-5', 1, 1, '2023-02-23 21:49:24', '2023-02-23 21:49:24'),
(6, 'KA-6', 1, 0, '2023-02-23 21:49:24', '2023-02-23 21:49:24'),
(7, 'KA-7', 1, 2, '2023-02-23 21:49:24', '2023-02-23 21:49:24'),
(8, 'KA-8', 1, 1, '2023-02-23 21:49:24', '2023-02-23 21:49:24'),
(9, 'KA-9', 1, 2, '2023-02-23 21:49:24', '2023-02-23 21:49:24'),
(10, 'KA-10', 1, 2, '2023-02-23 21:49:24', '2023-02-23 21:49:24'),
(11, 'KA-11', 1, 0, '2023-02-23 21:49:24', '2023-02-23 21:49:24'),
(12, 'KA-12', 1, 1, '2023-02-23 21:49:24', '2023-02-23 21:49:24'),
(13, 'KA-13', 1, 2, '2023-02-23 21:49:24', '2023-02-23 21:49:24'),
(14, 'KA-14', 1, 2, '2023-02-23 21:49:24', '2023-02-23 21:49:24'),
(15, 'KA-15', 1, 1, '2023-02-23 21:49:24', '2023-02-23 21:49:24'),
(16, 'KA-16', 1, 1, '2023-02-23 21:49:24', '2023-02-23 21:49:24'),
(17, 'KA-17', 1, 1, '2023-02-23 21:49:24', '2023-02-23 21:49:24'),
(18, 'KA-18', 1, 1, '2023-02-23 21:49:24', '2023-02-23 21:49:24'),
(19, 'KA-19', 1, 2, '2023-02-23 21:49:24', '2023-02-23 21:49:24'),
(20, 'KA-20', 1, 1, '2023-02-23 21:49:24', '2023-02-23 21:49:24'),
(21, 'KA-21', 1, 2, '2023-02-23 21:49:24', '2023-02-23 21:49:24'),
(22, 'KA-22', 1, 1, '2023-02-23 21:49:24', '2023-02-23 21:49:24'),
(23, 'KA-23', 1, 0, '2023-02-23 21:49:24', '2023-02-23 21:49:24'),
(24, 'KA-24', 1, 0, '2023-02-23 21:49:24', '2023-02-23 21:49:24'),
(25, 'KA-25', 1, 2, '2023-02-23 21:49:24', '2023-02-23 21:49:24'),
(26, 'KA-26', 1, 0, '2023-02-23 21:49:24', '2023-02-23 21:49:24'),
(27, 'KA-27', 1, 2, '2023-02-23 21:49:24', '2023-02-23 21:49:24'),
(28, 'KA-28', 1, 0, '2023-02-23 21:49:24', '2023-02-23 21:49:24'),
(29, 'KA-29', 1, 0, '2023-02-23 21:49:24', '2023-02-23 21:49:24'),
(30, 'KA-30', 1, 1, '2023-02-23 21:49:24', '2023-02-23 21:49:24'),
(31, 'KA-31', 1, 2, '2023-02-23 21:49:24', '2023-02-23 21:49:24'),
(32, 'KA-32', 1, 0, '2023-02-23 21:49:24', '2023-02-23 21:49:24'),
(33, 'KA-33', 1, 2, '2023-02-23 21:49:24', '2023-02-23 21:49:24'),
(34, 'KA-34', 1, 1, '2023-02-23 21:49:24', '2023-02-23 21:49:24'),
(35, 'KA-35', 1, 1, '2023-02-23 21:49:24', '2023-02-23 21:49:24'),
(36, 'KA-36', 1, 2, '2023-02-23 21:49:24', '2023-02-23 21:49:24'),
(37, 'KA-37', 1, 0, '2023-02-23 21:49:24', '2023-02-23 21:49:24'),
(38, 'KA-38', 1, 2, '2023-02-23 21:49:24', '2023-02-23 21:49:24'),
(39, 'KA-39', 1, 2, '2023-02-23 21:49:24', '2023-02-23 21:49:24'),
(40, 'KA-40', 1, 2, '2023-02-23 21:49:24', '2023-02-23 21:49:24'),
(41, 'KA-41', 1, 2, '2023-02-23 21:49:24', '2023-02-23 21:49:24'),
(42, 'KA-42', 1, 0, '2023-02-23 21:49:24', '2023-02-23 21:49:24'),
(43, 'KA-43', 1, 0, '2023-02-23 21:49:24', '2023-02-23 21:49:24'),
(44, 'KA-44', 1, 2, '2023-02-23 21:49:24', '2023-02-23 21:49:24'),
(45, 'KA-45', 1, 0, '2023-02-23 21:49:24', '2023-02-23 21:49:24'),
(46, 'KA-46', 1, 0, '2023-02-23 21:49:24', '2023-02-23 21:49:24'),
(47, 'KA-47', 1, 0, '2023-02-23 21:49:24', '2023-02-23 21:49:24'),
(48, 'KA-48', 1, 2, '2023-02-23 21:49:24', '2023-02-23 21:49:24'),
(49, 'KA-49', 1, 0, '2023-02-23 21:49:24', '2023-02-23 21:49:24'),
(50, 'KA-50', 1, 2, '2023-02-23 21:49:24', '2023-02-23 21:49:24'),
(51, 'KA-51', 1, 2, '2023-02-23 21:49:24', '2023-02-23 21:49:24'),
(52, 'KA-52', 1, 1, '2023-02-23 21:49:24', '2023-02-23 21:49:24'),
(53, 'KA-53', 1, 2, '2023-02-23 21:49:24', '2023-02-23 21:49:24'),
(54, 'KA-54', 1, 2, '2023-02-23 21:49:24', '2023-02-23 21:49:24'),
(55, 'KA-55', 1, 1, '2023-02-23 21:49:24', '2023-02-23 21:49:24'),
(56, 'KA-56', 1, 1, '2023-02-23 21:49:24', '2023-02-23 21:49:24'),
(57, 'KA-57', 1, 0, '2023-02-23 21:49:24', '2023-02-23 21:49:24'),
(58, 'KA-58', 1, 0, '2023-02-23 21:49:24', '2023-02-23 21:49:24'),
(59, 'KA-59', 1, 1, '2023-02-23 21:49:24', '2023-02-23 21:49:24'),
(60, 'KA-60', 1, 0, '2023-02-23 21:49:24', '2023-02-23 21:49:24'),
(61, 'KA-61', 1, 1, '2023-02-23 21:49:24', '2023-02-23 21:49:24'),
(62, 'KA-62', 1, 0, '2023-02-23 21:49:24', '2023-02-23 21:49:24'),
(63, 'KA-63', 1, 2, '2023-02-23 21:49:24', '2023-02-23 21:49:24'),
(64, 'KA-64', 1, 1, '2023-02-23 21:49:24', '2023-02-23 21:49:24'),
(65, 'KA-65', 1, 1, '2023-02-23 21:49:24', '2023-02-23 21:49:24'),
(66, 'KA-66', 1, 1, '2023-02-23 21:49:24', '2023-02-23 21:49:24'),
(67, 'KA-67', 1, 2, '2023-02-23 21:49:24', '2023-02-23 21:49:24'),
(68, 'KA-68', 1, 0, '2023-02-23 21:49:24', '2023-02-23 21:49:24'),
(69, 'KA-69', 1, 1, '2023-02-23 21:49:24', '2023-02-23 21:49:24'),
(70, 'KA-70', 1, 2, '2023-02-23 21:49:24', '2023-02-23 21:49:24'),
(71, 'KA-71', 1, 1, '2023-02-23 21:49:24', '2023-02-23 21:49:24'),
(72, 'KA-72', 1, 0, '2023-02-23 21:49:24', '2023-02-23 21:49:24'),
(73, 'KA-73', 1, 1, '2023-02-23 21:49:24', '2023-02-23 21:49:24'),
(74, 'KA-74', 1, 2, '2023-02-23 21:49:24', '2023-02-23 21:49:24'),
(75, 'KA-75', 1, 2, '2023-02-23 21:49:24', '2023-02-23 21:49:24'),
(76, 'KA-76', 1, 2, '2023-02-23 21:49:24', '2023-02-23 21:49:24'),
(77, 'KA-77', 1, 0, '2023-02-23 21:49:24', '2023-02-23 21:49:24'),
(78, 'KA-78', 1, 0, '2023-02-23 21:49:24', '2023-02-23 21:49:24'),
(79, 'KA-79', 1, 2, '2023-02-23 21:49:24', '2023-02-23 21:49:24'),
(80, 'KA-80', 1, 0, '2023-02-23 21:49:24', '2023-02-23 21:49:24'),
(81, 'KA-81', 1, 0, '2023-02-23 21:49:24', '2023-02-23 21:49:24'),
(82, 'KA-82', 1, 2, '2023-02-23 21:49:24', '2023-02-23 21:49:24'),
(83, 'KA-83', 1, 1, '2023-02-23 21:49:24', '2023-02-23 21:49:24'),
(84, 'KA-84', 1, 0, '2023-02-23 21:49:24', '2023-02-23 21:49:24'),
(85, 'KA-85', 1, 1, '2023-02-23 21:49:24', '2023-02-23 21:49:24'),
(86, 'KA-86', 1, 0, '2023-02-23 21:49:24', '2023-02-23 21:49:24'),
(87, 'KA-87', 1, 1, '2023-02-23 21:49:24', '2023-02-23 21:49:24'),
(88, 'KA-88', 1, 0, '2023-02-23 21:49:24', '2023-02-23 21:49:24'),
(89, 'KA-89', 1, 2, '2023-02-23 21:49:24', '2023-02-23 21:49:24'),
(90, 'KA-90', 1, 2, '2023-02-23 21:49:24', '2023-02-23 21:49:24'),
(91, 'KA-91', 1, 0, '2023-02-23 21:49:24', '2023-02-23 21:49:24'),
(92, 'KA-92', 1, 1, '2023-02-23 21:49:24', '2023-02-23 21:49:24'),
(93, 'KA-93', 1, 1, '2023-02-23 21:49:24', '2023-02-23 21:49:24'),
(94, 'KA-94', 1, 2, '2023-02-23 21:49:24', '2023-02-23 21:49:24'),
(95, 'KA-95', 1, 0, '2023-02-23 21:49:24', '2023-02-23 21:49:24'),
(96, 'KA-96', 1, 2, '2023-02-23 21:49:24', '2023-02-23 21:49:24'),
(97, 'KA-97', 1, 1, '2023-02-23 21:49:24', '2023-02-23 21:49:24'),
(98, 'KA-98', 1, 2, '2023-02-23 21:49:24', '2023-02-23 21:49:24'),
(99, 'KA-99', 1, 2, '2023-02-23 21:49:24', '2023-02-23 21:49:24'),
(100, 'KA-100', 1, 1, '2023-02-23 21:49:24', '2023-02-23 21:49:24'),
(101, 'KA-101', 1, 1, '2023-02-23 21:49:24', '2023-02-23 21:49:24'),
(102, 'KA-102', 1, 1, '2023-02-23 21:49:24', '2023-02-23 21:49:24'),
(103, 'KA-103', 1, 1, '2023-02-23 21:49:24', '2023-02-23 21:49:24'),
(104, 'KA-104', 1, 0, '2023-02-23 21:49:24', '2023-02-23 21:49:24'),
(105, 'KA-105', 1, 1, '2023-02-23 21:49:24', '2023-02-23 21:49:24'),
(106, 'KHA-1', 2, 2, '2023-02-23 21:49:24', '2023-02-23 21:49:24'),
(107, 'KHA-2', 2, 2, '2023-02-23 21:49:24', '2023-02-23 21:49:24'),
(108, 'KHA-3', 2, 0, '2023-02-23 21:49:24', '2023-02-23 21:49:24'),
(109, 'KHA-4', 2, 1, '2023-02-23 21:49:24', '2023-02-23 21:49:24'),
(110, 'KHA-5', 2, 2, '2023-02-23 21:49:24', '2023-02-23 21:49:24'),
(111, 'KHA-6', 2, 0, '2023-02-23 21:49:24', '2023-02-23 21:49:24'),
(112, 'KHA-7', 2, 2, '2023-02-23 21:49:24', '2023-02-23 21:49:24'),
(113, 'KHA-8', 2, 0, '2023-02-23 21:49:24', '2023-02-23 21:49:24'),
(114, 'KHA-9', 2, 0, '2023-02-23 21:49:24', '2023-02-23 21:49:24'),
(115, 'KHA-10', 2, 1, '2023-02-23 21:49:24', '2023-02-23 21:49:24'),
(116, 'KHA-11', 2, 2, '2023-02-23 21:49:24', '2023-02-23 21:49:24'),
(117, 'KHA-12', 2, 0, '2023-02-23 21:49:24', '2023-02-23 21:49:24'),
(118, 'KHA-13', 2, 0, '2023-02-23 21:49:24', '2023-02-23 21:49:24'),
(119, 'KHA-14', 2, 1, '2023-02-23 21:49:24', '2023-02-23 21:49:24'),
(120, 'KHA-15', 2, 0, '2023-02-23 21:49:24', '2023-02-23 21:49:24'),
(121, 'KHA-16', 2, 2, '2023-02-23 21:49:24', '2023-02-23 21:49:24'),
(122, 'KHA-17', 2, 2, '2023-02-23 21:49:24', '2023-02-23 21:49:24'),
(123, 'KHA-18', 2, 2, '2023-02-23 21:49:24', '2023-02-23 21:49:24'),
(124, 'KHA-19', 2, 1, '2023-02-23 21:49:24', '2023-02-23 21:49:24'),
(125, 'KHA-20', 2, 1, '2023-02-23 21:49:24', '2023-02-23 21:49:24'),
(126, 'KHA-21', 2, 2, '2023-02-23 21:49:24', '2023-02-23 21:49:24'),
(127, 'KHA-22', 2, 2, '2023-02-23 21:49:24', '2023-02-23 21:49:24'),
(128, 'KHA-23', 2, 1, '2023-02-23 21:49:24', '2023-02-23 21:49:24'),
(129, 'KHA-24', 2, 1, '2023-02-23 21:49:24', '2023-02-23 21:49:24'),
(130, 'KHA-25', 2, 2, '2023-02-23 21:49:24', '2023-02-23 21:49:24'),
(131, 'KHA-26', 2, 1, '2023-02-23 21:49:24', '2023-02-23 21:49:24'),
(132, 'KHA-27', 2, 1, '2023-02-23 21:49:24', '2023-02-23 21:49:24'),
(133, 'KHA-28', 2, 2, '2023-02-23 21:49:24', '2023-02-23 21:49:24'),
(134, 'KHA-29', 2, 0, '2023-02-23 21:49:24', '2023-02-23 21:49:24'),
(135, 'KHA-30', 2, 1, '2023-02-23 21:49:24', '2023-02-23 21:49:24'),
(136, 'KHA-31', 2, 2, '2023-02-23 21:49:24', '2023-02-23 21:49:24'),
(137, 'KHA-32', 2, 0, '2023-02-23 21:49:24', '2023-02-23 21:49:24'),
(138, 'KHA-33', 2, 1, '2023-02-23 21:49:24', '2023-02-23 21:49:24'),
(139, 'KHA-34', 2, 2, '2023-02-23 21:49:24', '2023-02-23 21:49:24'),
(140, 'KHA-35', 2, 0, '2023-02-23 21:49:24', '2023-02-23 21:49:24'),
(141, 'KHA-36', 2, 2, '2023-02-23 21:49:24', '2023-02-23 21:49:24'),
(142, 'KHA-37', 2, 0, '2023-02-23 21:49:24', '2023-02-23 21:49:24'),
(143, 'KHA-38', 2, 0, '2023-02-23 21:49:24', '2023-02-23 21:49:24'),
(144, 'KHA-39', 2, 1, '2023-02-23 21:49:24', '2023-02-23 21:49:24'),
(145, 'KHA-40', 2, 1, '2023-02-23 21:49:24', '2023-02-23 21:49:24'),
(146, 'KHA-41', 2, 1, '2023-02-23 21:49:24', '2023-02-23 21:49:24'),
(147, 'KHA-42', 2, 1, '2023-02-23 21:49:24', '2023-02-23 21:49:24'),
(148, 'KHA-43', 2, 2, '2023-02-23 21:49:24', '2023-02-23 21:49:24'),
(149, 'KHA-44', 2, 0, '2023-02-23 21:49:24', '2023-02-23 21:49:24'),
(150, 'KHA-45', 2, 1, '2023-02-23 21:49:24', '2023-02-23 21:49:24'),
(151, 'KHA-46', 2, 0, '2023-02-23 21:49:24', '2023-02-23 21:49:24'),
(152, 'KHA-47', 2, 0, '2023-02-23 21:49:24', '2023-02-23 21:49:24'),
(153, 'KHA-48', 2, 2, '2023-02-23 21:49:24', '2023-02-23 21:49:24'),
(154, 'KHA-49', 2, 1, '2023-02-23 21:49:24', '2023-02-23 21:49:24'),
(155, 'KHA-50', 2, 2, '2023-02-23 21:49:24', '2023-02-23 21:49:24'),
(156, 'KHA-51', 2, 0, '2023-02-23 21:49:24', '2023-02-23 21:49:24'),
(157, 'KHA-52', 2, 2, '2023-02-23 21:49:24', '2023-02-23 21:49:24'),
(158, 'KHA-53', 2, 2, '2023-02-23 21:49:24', '2023-02-23 21:49:24'),
(159, 'KHA-54', 2, 0, '2023-02-23 21:49:24', '2023-02-23 21:49:24'),
(160, 'KHA-55', 2, 1, '2023-02-23 21:49:24', '2023-02-23 21:49:24'),
(161, 'KHA-56', 2, 1, '2023-02-23 21:49:24', '2023-02-23 21:49:24'),
(162, 'KHA-57', 2, 1, '2023-02-23 21:49:24', '2023-02-23 21:49:24'),
(163, 'KHA-58', 2, 2, '2023-02-23 21:49:24', '2023-02-23 21:49:24'),
(164, 'KHA-59', 2, 2, '2023-02-23 21:49:24', '2023-02-23 21:49:24'),
(165, 'KHA-60', 2, 1, '2023-02-23 21:49:24', '2023-02-23 21:49:24'),
(166, 'KHA-61', 2, 0, '2023-02-23 21:49:24', '2023-02-23 21:49:24'),
(167, 'KHA-62', 2, 1, '2023-02-23 21:49:24', '2023-02-23 21:49:24'),
(168, 'KHA-63', 2, 2, '2023-02-23 21:49:24', '2023-02-23 21:49:24'),
(169, 'KHA-64', 2, 1, '2023-02-23 21:49:24', '2023-02-23 21:49:24'),
(170, 'KHA-65', 2, 2, '2023-02-23 21:49:24', '2023-02-23 21:49:24'),
(171, 'KHA-66', 2, 0, '2023-02-23 21:49:24', '2023-02-23 21:49:24'),
(172, 'KHA-67', 2, 0, '2023-02-23 21:49:24', '2023-02-23 21:49:24'),
(173, 'KHA-68', 2, 2, '2023-02-23 21:49:24', '2023-02-23 21:49:24'),
(174, 'KHA-69', 2, 1, '2023-02-23 21:49:24', '2023-02-23 21:49:24'),
(175, 'KHA-70', 2, 0, '2023-02-23 21:49:24', '2023-02-23 21:49:24'),
(176, 'KHA-71', 2, 1, '2023-02-23 21:49:24', '2023-02-23 21:49:24'),
(177, 'KHA-72', 2, 0, '2023-02-23 21:49:24', '2023-02-23 21:49:24'),
(178, 'KHA-73', 2, 1, '2023-02-23 21:49:24', '2023-02-23 21:49:24'),
(179, 'KHA-74', 2, 0, '2023-02-23 21:49:24', '2023-02-23 21:49:24'),
(180, 'KHA-75', 2, 1, '2023-02-23 21:49:24', '2023-02-23 21:49:24'),
(181, 'KHA-76', 2, 1, '2023-02-23 21:49:24', '2023-02-23 21:49:24'),
(182, 'KHA-77', 2, 1, '2023-02-23 21:49:24', '2023-02-23 21:49:24'),
(183, 'KHA-78', 2, 2, '2023-02-23 21:49:24', '2023-02-23 21:49:24'),
(184, 'KHA-79', 2, 0, '2023-02-23 21:49:24', '2023-02-23 21:49:24'),
(185, 'KHA-80', 2, 1, '2023-02-23 21:49:24', '2023-02-23 21:49:24'),
(186, 'KHA-81', 2, 1, '2023-02-23 21:49:24', '2023-02-23 21:49:24'),
(187, 'KHA-82', 2, 1, '2023-02-23 21:49:24', '2023-02-23 21:49:24'),
(188, 'KHA-83', 2, 1, '2023-02-23 21:49:24', '2023-02-23 21:49:24'),
(189, 'KHA-84', 2, 0, '2023-02-23 21:49:24', '2023-02-23 21:49:24'),
(190, 'KHA-85', 2, 2, '2023-02-23 21:49:24', '2023-02-23 21:49:24'),
(191, 'KHA-86', 2, 2, '2023-02-23 21:49:24', '2023-02-23 21:49:24'),
(192, 'KHA-87', 2, 1, '2023-02-23 21:49:24', '2023-02-23 21:49:24'),
(193, 'KHA-88', 2, 1, '2023-02-23 21:49:24', '2023-02-23 21:49:24'),
(194, 'KHA-89', 2, 0, '2023-02-23 21:49:24', '2023-02-23 21:49:24'),
(195, 'KHA-90', 2, 0, '2023-02-23 21:49:24', '2023-02-23 21:49:24'),
(196, 'KHA-91', 2, 1, '2023-02-23 21:49:24', '2023-02-23 21:49:24'),
(197, 'KHA-92', 2, 0, '2023-02-23 21:49:24', '2023-02-23 21:49:24'),
(198, 'KHA-93', 2, 1, '2023-02-23 21:49:24', '2023-02-23 21:49:24'),
(199, 'KHA-94', 2, 1, '2023-02-23 21:49:24', '2023-02-23 21:49:24'),
(200, 'KHA-95', 2, 2, '2023-02-23 21:49:24', '2023-02-23 21:49:24'),
(201, 'KHA-96', 2, 1, '2023-02-23 21:49:24', '2023-02-23 21:49:24'),
(202, 'KHA-97', 2, 1, '2023-02-23 21:49:24', '2023-02-23 21:49:24'),
(203, 'KHA-98', 2, 1, '2023-02-23 21:49:24', '2023-02-23 21:49:24'),
(204, 'KHA-99', 2, 0, '2023-02-23 21:49:24', '2023-02-23 21:49:24'),
(205, 'KHA-100', 2, 1, '2023-02-23 21:49:24', '2023-02-23 21:49:24'),
(206, 'KHA-101', 2, 2, '2023-02-23 21:49:24', '2023-02-23 21:49:24'),
(207, 'KHA-102', 2, 1, '2023-02-23 21:49:24', '2023-02-23 21:49:24'),
(208, 'KHA-103', 2, 0, '2023-02-23 21:49:24', '2023-02-23 21:49:24'),
(209, 'KHA-104', 2, 2, '2023-02-23 21:49:24', '2023-02-23 21:49:24'),
(210, 'KHA-105', 2, 0, '2023-02-23 21:49:24', '2023-02-23 21:49:24'),
(211, 'KA-1', 3, 0, '2023-02-23 21:49:24', '2023-02-23 21:49:24'),
(212, 'KA-2', 3, 0, '2023-02-23 21:49:24', '2023-02-23 21:49:24'),
(213, 'KA-3', 3, 1, '2023-02-23 21:49:24', '2023-02-23 21:49:24'),
(214, 'KA-4', 3, 1, '2023-02-23 21:49:24', '2023-02-23 21:49:24'),
(215, 'KA-5', 3, 0, '2023-02-23 21:49:24', '2023-02-23 21:49:24'),
(216, 'KA-6', 3, 0, '2023-02-23 21:49:24', '2023-02-23 21:49:24'),
(217, 'KA-7', 3, 1, '2023-02-23 21:49:25', '2023-02-23 21:49:25'),
(218, 'KA-8', 3, 1, '2023-02-23 21:49:25', '2023-02-23 21:49:25'),
(219, 'KA-9', 3, 1, '2023-02-23 21:49:25', '2023-02-23 21:49:25'),
(220, 'KA-10', 3, 1, '2023-02-23 21:49:25', '2023-02-23 21:49:25'),
(221, 'KA-11', 3, 1, '2023-02-23 21:49:25', '2023-02-23 21:49:25'),
(222, 'KA-12', 3, 0, '2023-02-23 21:49:25', '2023-02-23 21:49:25'),
(223, 'KA-13', 3, 0, '2023-02-23 21:49:25', '2023-02-23 21:49:25'),
(224, 'KA-14', 3, 0, '2023-02-23 21:49:25', '2023-02-23 21:49:25'),
(225, 'KA-15', 3, 2, '2023-02-23 21:49:25', '2023-02-23 21:49:25'),
(226, 'KA-16', 3, 1, '2023-02-23 21:49:25', '2023-02-23 21:49:25'),
(227, 'KA-17', 3, 1, '2023-02-23 21:49:25', '2023-02-23 21:49:25'),
(228, 'KA-18', 3, 1, '2023-02-23 21:49:25', '2023-02-23 21:49:25'),
(229, 'KA-19', 3, 2, '2023-02-23 21:49:25', '2023-02-23 21:49:25'),
(230, 'KA-20', 3, 1, '2023-02-23 21:49:25', '2023-02-23 21:49:25'),
(231, 'KA-21', 3, 1, '2023-02-23 21:49:25', '2023-02-23 21:49:25'),
(232, 'KA-22', 3, 0, '2023-02-23 21:49:25', '2023-02-23 21:49:25'),
(233, 'KA-23', 3, 2, '2023-02-23 21:49:25', '2023-02-23 21:49:25'),
(234, 'KA-24', 3, 1, '2023-02-23 21:49:25', '2023-02-23 21:49:25'),
(235, 'KA-25', 3, 2, '2023-02-23 21:49:25', '2023-02-23 21:49:25'),
(236, 'KA-26', 3, 0, '2023-02-23 21:49:25', '2023-02-23 21:49:25'),
(237, 'KA-27', 3, 2, '2023-02-23 21:49:25', '2023-02-23 21:49:25'),
(238, 'KA-28', 3, 2, '2023-02-23 21:49:25', '2023-02-23 21:49:25'),
(239, 'KA-29', 3, 2, '2023-02-23 21:49:25', '2023-02-23 21:49:25'),
(240, 'KA-30', 3, 2, '2023-02-23 21:49:25', '2023-02-23 21:49:25'),
(241, 'KA-31', 3, 0, '2023-02-23 21:49:25', '2023-02-23 21:49:25'),
(242, 'KA-32', 3, 2, '2023-02-23 21:49:25', '2023-02-23 21:49:25'),
(243, 'KA-33', 3, 1, '2023-02-23 21:49:25', '2023-02-23 21:49:25'),
(244, 'KA-34', 3, 0, '2023-02-23 21:49:25', '2023-02-23 21:49:25'),
(245, 'KA-35', 3, 2, '2023-02-23 21:49:25', '2023-02-23 21:49:25'),
(246, 'KA-36', 3, 1, '2023-02-23 21:49:25', '2023-02-23 21:49:25'),
(247, 'KA-37', 3, 1, '2023-02-23 21:49:25', '2023-02-23 21:49:25'),
(248, 'KA-38', 3, 0, '2023-02-23 21:49:25', '2023-02-23 21:49:25'),
(249, 'KA-39', 3, 0, '2023-02-23 21:49:25', '2023-02-23 21:49:25'),
(250, 'KA-40', 3, 1, '2023-02-23 21:49:25', '2023-02-23 21:49:25'),
(251, 'KA-41', 3, 0, '2023-02-23 21:49:25', '2023-02-23 21:49:25'),
(252, 'KA-42', 3, 0, '2023-02-23 21:49:25', '2023-02-23 21:49:25'),
(253, 'KA-43', 3, 1, '2023-02-23 21:49:25', '2023-02-23 21:49:25'),
(254, 'KA-44', 3, 1, '2023-02-23 21:49:25', '2023-02-23 21:49:25'),
(255, 'KA-45', 3, 1, '2023-02-23 21:49:25', '2023-02-23 21:49:25'),
(256, 'KA-46', 3, 0, '2023-02-23 21:49:25', '2023-02-23 21:49:25'),
(257, 'KA-47', 3, 2, '2023-02-23 21:49:25', '2023-02-23 21:49:25'),
(258, 'KA-48', 3, 2, '2023-02-23 21:49:25', '2023-02-23 21:49:25'),
(259, 'KA-49', 3, 2, '2023-02-23 21:49:25', '2023-02-23 21:49:25'),
(260, 'KA-50', 3, 1, '2023-02-23 21:49:25', '2023-02-23 21:49:25'),
(261, 'KA-51', 3, 1, '2023-02-23 21:49:25', '2023-02-23 21:49:25'),
(262, 'KA-52', 3, 2, '2023-02-23 21:49:25', '2023-02-23 21:49:25'),
(263, 'KA-53', 3, 1, '2023-02-23 21:49:25', '2023-02-23 21:49:25'),
(264, 'KA-54', 3, 0, '2023-02-23 21:49:25', '2023-02-23 21:49:25'),
(265, 'KA-55', 3, 1, '2023-02-23 21:49:25', '2023-02-23 21:49:25'),
(266, 'KA-56', 3, 2, '2023-02-23 21:49:25', '2023-02-23 21:49:25'),
(267, 'KA-57', 3, 0, '2023-02-23 21:49:25', '2023-02-23 21:49:25'),
(268, 'KA-58', 3, 1, '2023-02-23 21:49:25', '2023-02-23 21:49:25'),
(269, 'KA-59', 3, 1, '2023-02-23 21:49:25', '2023-02-23 21:49:25'),
(270, 'KA-60', 3, 1, '2023-02-23 21:49:25', '2023-02-23 21:49:25'),
(271, 'KA-61', 3, 0, '2023-02-23 21:49:25', '2023-02-23 21:49:25'),
(272, 'KA-62', 3, 0, '2023-02-23 21:49:25', '2023-02-23 21:49:25'),
(273, 'KA-63', 3, 1, '2023-02-23 21:49:25', '2023-02-23 21:49:25'),
(274, 'KA-64', 3, 0, '2023-02-23 21:49:25', '2023-02-23 21:49:25'),
(275, 'KA-65', 3, 0, '2023-02-23 21:49:25', '2023-02-23 21:49:25'),
(276, 'KA-66', 3, 2, '2023-02-23 21:49:25', '2023-02-23 21:49:25'),
(277, 'KA-67', 3, 2, '2023-02-23 21:49:25', '2023-02-23 21:49:25'),
(278, 'KA-68', 3, 2, '2023-02-23 21:49:25', '2023-02-23 21:49:25'),
(279, 'KA-69', 3, 1, '2023-02-23 21:49:25', '2023-02-23 21:49:25'),
(280, 'KA-70', 3, 0, '2023-02-23 21:49:25', '2023-02-23 21:49:25'),
(281, 'KA-71', 3, 1, '2023-02-23 21:49:25', '2023-02-23 21:49:25'),
(282, 'KA-72', 3, 2, '2023-02-23 21:49:25', '2023-02-23 21:49:25'),
(283, 'KA-73', 3, 2, '2023-02-23 21:49:25', '2023-02-23 21:49:25'),
(284, 'KA-74', 3, 2, '2023-02-23 21:49:25', '2023-02-23 21:49:25'),
(285, 'KA-75', 3, 1, '2023-02-23 21:49:25', '2023-02-23 21:49:25'),
(286, 'KA-76', 3, 0, '2023-02-23 21:49:25', '2023-02-23 21:49:25'),
(287, 'KA-77', 3, 2, '2023-02-23 21:49:25', '2023-02-23 21:49:25'),
(288, 'KA-78', 3, 2, '2023-02-23 21:49:25', '2023-02-23 21:49:25'),
(289, 'KA-79', 3, 1, '2023-02-23 21:49:25', '2023-02-23 21:49:25'),
(290, 'KA-80', 3, 0, '2023-02-23 21:49:25', '2023-02-23 21:49:25'),
(291, 'KA-81', 3, 1, '2023-02-23 21:49:25', '2023-02-23 21:49:25'),
(292, 'KA-82', 3, 1, '2023-02-23 21:49:25', '2023-02-23 21:49:25'),
(293, 'KA-83', 3, 0, '2023-02-23 21:49:25', '2023-02-23 21:49:25'),
(294, 'KA-84', 3, 1, '2023-02-23 21:49:25', '2023-02-23 21:49:25'),
(295, 'KA-85', 3, 2, '2023-02-23 21:49:25', '2023-02-23 21:49:25'),
(296, 'KA-86', 3, 0, '2023-02-23 21:49:25', '2023-02-23 21:49:25'),
(297, 'KA-87', 3, 2, '2023-02-23 21:49:25', '2023-02-23 21:49:25'),
(298, 'KA-88', 3, 0, '2023-02-23 21:49:25', '2023-02-23 21:49:25'),
(299, 'KA-89', 3, 2, '2023-02-23 21:49:25', '2023-02-23 21:49:25'),
(300, 'KA-90', 3, 2, '2023-02-23 21:49:25', '2023-02-23 21:49:25'),
(301, 'KA-91', 3, 1, '2023-02-23 21:49:25', '2023-02-23 21:49:25'),
(302, 'KA-92', 3, 0, '2023-02-23 21:49:25', '2023-02-23 21:49:25'),
(303, 'KA-93', 3, 1, '2023-02-23 21:49:25', '2023-02-23 21:49:25'),
(304, 'KA-94', 3, 2, '2023-02-23 21:49:25', '2023-02-23 21:49:25'),
(305, 'KA-95', 3, 1, '2023-02-23 21:49:25', '2023-02-23 21:49:25'),
(306, 'KA-96', 3, 1, '2023-02-23 21:49:25', '2023-02-23 21:49:25'),
(307, 'KA-97', 3, 2, '2023-02-23 21:49:25', '2023-02-23 21:49:25'),
(308, 'KA-98', 3, 2, '2023-02-23 21:49:25', '2023-02-23 21:49:25'),
(309, 'KA-99', 3, 2, '2023-02-23 21:49:25', '2023-02-23 21:49:25'),
(310, 'KA-100', 3, 2, '2023-02-23 21:49:25', '2023-02-23 21:49:25'),
(311, 'KA-101', 3, 0, '2023-02-23 21:49:25', '2023-02-23 21:49:25'),
(312, 'KA-102', 3, 0, '2023-02-23 21:49:25', '2023-02-23 21:49:25'),
(313, 'KA-103', 3, 0, '2023-02-23 21:49:25', '2023-02-23 21:49:25'),
(314, 'KA-104', 3, 1, '2023-02-23 21:49:25', '2023-02-23 21:49:25'),
(315, 'KA-105', 3, 0, '2023-02-23 21:49:25', '2023-02-23 21:49:25'),
(316, 'KHA-1', 4, 2, '2023-02-23 21:49:25', '2023-02-23 21:49:25'),
(317, 'KHA-2', 4, 2, '2023-02-23 21:49:25', '2023-02-23 21:49:25'),
(318, 'KHA-3', 4, 0, '2023-02-23 21:49:25', '2023-02-23 21:49:25'),
(319, 'KHA-4', 4, 2, '2023-02-23 21:49:25', '2023-02-23 21:49:25'),
(320, 'KHA-5', 4, 1, '2023-02-23 21:49:25', '2023-02-23 21:49:25'),
(321, 'KHA-6', 4, 1, '2023-02-23 21:49:25', '2023-02-23 21:49:25'),
(322, 'KHA-7', 4, 0, '2023-02-23 21:49:25', '2023-02-23 21:49:25'),
(323, 'KHA-8', 4, 0, '2023-02-23 21:49:25', '2023-02-23 21:49:25'),
(324, 'KHA-9', 4, 0, '2023-02-23 21:49:25', '2023-02-23 21:49:25'),
(325, 'KHA-10', 4, 1, '2023-02-23 21:49:25', '2023-02-23 21:49:25'),
(326, 'KHA-11', 4, 1, '2023-02-23 21:49:25', '2023-02-23 21:49:25'),
(327, 'KHA-12', 4, 1, '2023-02-23 21:49:25', '2023-02-23 21:49:25'),
(328, 'KHA-13', 4, 0, '2023-02-23 21:49:25', '2023-02-23 21:49:25'),
(329, 'KHA-14', 4, 1, '2023-02-23 21:49:25', '2023-02-23 21:49:25'),
(330, 'KHA-15', 4, 1, '2023-02-23 21:49:25', '2023-02-23 21:49:25'),
(331, 'KHA-16', 4, 2, '2023-02-23 21:49:25', '2023-02-23 21:49:25'),
(332, 'KHA-17', 4, 1, '2023-02-23 21:49:25', '2023-02-23 21:49:25'),
(333, 'KHA-18', 4, 1, '2023-02-23 21:49:25', '2023-02-23 21:49:25'),
(334, 'KHA-19', 4, 2, '2023-02-23 21:49:25', '2023-02-23 21:49:25'),
(335, 'KHA-20', 4, 0, '2023-02-23 21:49:25', '2023-02-23 21:49:25'),
(336, 'KHA-21', 4, 1, '2023-02-23 21:49:25', '2023-02-23 21:49:25'),
(337, 'KHA-22', 4, 1, '2023-02-23 21:49:25', '2023-02-23 21:49:25'),
(338, 'KHA-23', 4, 1, '2023-02-23 21:49:25', '2023-02-23 21:49:25'),
(339, 'KHA-24', 4, 1, '2023-02-23 21:49:25', '2023-02-23 21:49:25'),
(340, 'KHA-25', 4, 2, '2023-02-23 21:49:25', '2023-02-23 21:49:25'),
(341, 'KHA-26', 4, 1, '2023-02-23 21:49:25', '2023-02-23 21:49:25'),
(342, 'KHA-27', 4, 0, '2023-02-23 21:49:25', '2023-02-23 21:49:25'),
(343, 'KHA-28', 4, 1, '2023-02-23 21:49:25', '2023-02-23 21:49:25'),
(344, 'KHA-29', 4, 1, '2023-02-23 21:49:25', '2023-02-23 21:49:25'),
(345, 'KHA-30', 4, 0, '2023-02-23 21:49:25', '2023-02-23 21:49:25'),
(346, 'KHA-31', 4, 2, '2023-02-23 21:49:25', '2023-02-23 21:49:25'),
(347, 'KHA-32', 4, 0, '2023-02-23 21:49:25', '2023-02-23 21:49:25'),
(348, 'KHA-33', 4, 0, '2023-02-23 21:49:25', '2023-02-23 21:49:25'),
(349, 'KHA-34', 4, 2, '2023-02-23 21:49:25', '2023-02-23 21:49:25'),
(350, 'KHA-35', 4, 0, '2023-02-23 21:49:25', '2023-02-23 21:49:25'),
(351, 'KHA-36', 4, 1, '2023-02-23 21:49:25', '2023-02-23 21:49:25'),
(352, 'KHA-37', 4, 1, '2023-02-23 21:49:25', '2023-02-23 21:49:25'),
(353, 'KHA-38', 4, 1, '2023-02-23 21:49:25', '2023-02-23 21:49:25'),
(354, 'KHA-39', 4, 2, '2023-02-23 21:49:25', '2023-02-23 21:49:25'),
(355, 'KHA-40', 4, 2, '2023-02-23 21:49:25', '2023-02-23 21:49:25'),
(356, 'KHA-41', 4, 0, '2023-02-23 21:49:25', '2023-02-23 21:49:25'),
(357, 'KHA-42', 4, 1, '2023-02-23 21:49:25', '2023-02-23 21:49:25'),
(358, 'KHA-43', 4, 1, '2023-02-23 21:49:25', '2023-02-23 21:49:25'),
(359, 'KHA-44', 4, 1, '2023-02-23 21:49:25', '2023-02-23 21:49:25'),
(360, 'KHA-45', 4, 1, '2023-02-23 21:49:25', '2023-02-23 21:49:25'),
(361, 'KHA-46', 4, 0, '2023-02-23 21:49:25', '2023-02-23 21:49:25'),
(362, 'KHA-47', 4, 1, '2023-02-23 21:49:25', '2023-02-23 21:49:25'),
(363, 'KHA-48', 4, 1, '2023-02-23 21:49:25', '2023-02-23 21:49:25'),
(364, 'KHA-49', 4, 1, '2023-02-23 21:49:25', '2023-02-23 21:49:25'),
(365, 'KHA-50', 4, 2, '2023-02-23 21:49:25', '2023-02-23 21:49:25'),
(366, 'KHA-51', 4, 0, '2023-02-23 21:49:25', '2023-02-23 21:49:25'),
(367, 'KHA-52', 4, 0, '2023-02-23 21:49:25', '2023-02-23 21:49:25'),
(368, 'KHA-53', 4, 1, '2023-02-23 21:49:25', '2023-02-23 21:49:25'),
(369, 'KHA-54', 4, 1, '2023-02-23 21:49:25', '2023-02-23 21:49:25'),
(370, 'KHA-55', 4, 1, '2023-02-23 21:49:25', '2023-02-23 21:49:25'),
(371, 'KHA-56', 4, 2, '2023-02-23 21:49:25', '2023-02-23 21:49:25'),
(372, 'KHA-57', 4, 0, '2023-02-23 21:49:25', '2023-02-23 21:49:25'),
(373, 'KHA-58', 4, 1, '2023-02-23 21:49:25', '2023-02-23 21:49:25'),
(374, 'KHA-59', 4, 2, '2023-02-23 21:49:25', '2023-02-23 21:49:25'),
(375, 'KHA-60', 4, 0, '2023-02-23 21:49:25', '2023-02-23 21:49:25'),
(376, 'KHA-61', 4, 1, '2023-02-23 21:49:25', '2023-02-23 21:49:25'),
(377, 'KHA-62', 4, 0, '2023-02-23 21:49:25', '2023-02-23 21:49:25'),
(378, 'KHA-63', 4, 0, '2023-02-23 21:49:25', '2023-02-23 21:49:25'),
(379, 'KHA-64', 4, 2, '2023-02-23 21:49:25', '2023-02-23 21:49:25'),
(380, 'KHA-65', 4, 1, '2023-02-23 21:49:25', '2023-02-23 21:49:25'),
(381, 'KHA-66', 4, 2, '2023-02-23 21:49:25', '2023-02-23 21:49:25'),
(382, 'KHA-67', 4, 0, '2023-02-23 21:49:25', '2023-02-23 21:49:25'),
(383, 'KHA-68', 4, 1, '2023-02-23 21:49:25', '2023-02-23 21:49:25'),
(384, 'KHA-69', 4, 2, '2023-02-23 21:49:25', '2023-02-23 21:49:25'),
(385, 'KHA-70', 4, 2, '2023-02-23 21:49:25', '2023-02-23 21:49:25'),
(386, 'KHA-71', 4, 0, '2023-02-23 21:49:25', '2023-02-23 21:49:25'),
(387, 'KHA-72', 4, 0, '2023-02-23 21:49:25', '2023-02-23 21:49:25'),
(388, 'KHA-73', 4, 2, '2023-02-23 21:49:25', '2023-02-23 21:49:25'),
(389, 'KHA-74', 4, 0, '2023-02-23 21:49:25', '2023-02-23 21:49:25'),
(390, 'KHA-75', 4, 2, '2023-02-23 21:49:25', '2023-02-23 21:49:25'),
(391, 'KHA-76', 4, 2, '2023-02-23 21:49:25', '2023-02-23 21:49:25'),
(392, 'KHA-77', 4, 0, '2023-02-23 21:49:25', '2023-02-23 21:49:25'),
(393, 'KHA-78', 4, 1, '2023-02-23 21:49:25', '2023-02-23 21:49:25'),
(394, 'KHA-79', 4, 2, '2023-02-23 21:49:25', '2023-02-23 21:49:25'),
(395, 'KHA-80', 4, 2, '2023-02-23 21:49:25', '2023-02-23 21:49:25'),
(396, 'KHA-81', 4, 2, '2023-02-23 21:49:25', '2023-02-23 21:49:25'),
(397, 'KHA-82', 4, 2, '2023-02-23 21:49:25', '2023-02-23 21:49:25'),
(398, 'KHA-83', 4, 0, '2023-02-23 21:49:25', '2023-02-23 21:49:25'),
(399, 'KHA-84', 4, 0, '2023-02-23 21:49:25', '2023-02-23 21:49:25'),
(400, 'KHA-85', 4, 2, '2023-02-23 21:49:25', '2023-02-23 21:49:25'),
(401, 'KHA-86', 4, 0, '2023-02-23 21:49:25', '2023-02-23 21:49:25'),
(402, 'KHA-87', 4, 0, '2023-02-23 21:49:25', '2023-02-23 21:49:25'),
(403, 'KHA-88', 4, 2, '2023-02-23 21:49:25', '2023-02-23 21:49:25'),
(404, 'KHA-89', 4, 0, '2023-02-23 21:49:25', '2023-02-23 21:49:25'),
(405, 'KHA-90', 4, 1, '2023-02-23 21:49:25', '2023-02-23 21:49:25'),
(406, 'KHA-91', 4, 1, '2023-02-23 21:49:25', '2023-02-23 21:49:25'),
(407, 'KHA-92', 4, 1, '2023-02-23 21:49:25', '2023-02-23 21:49:25'),
(408, 'KHA-93', 4, 1, '2023-02-23 21:49:25', '2023-02-23 21:49:25'),
(409, 'KHA-94', 4, 2, '2023-02-23 21:49:25', '2023-02-23 21:49:25'),
(410, 'KHA-95', 4, 2, '2023-02-23 21:49:25', '2023-02-23 21:49:25'),
(411, 'KHA-96', 4, 2, '2023-02-23 21:49:25', '2023-02-23 21:49:25'),
(412, 'KHA-97', 4, 2, '2023-02-23 21:49:25', '2023-02-23 21:49:25'),
(413, 'KHA-98', 4, 2, '2023-02-23 21:49:25', '2023-02-23 21:49:25'),
(414, 'KHA-99', 4, 2, '2023-02-23 21:49:25', '2023-02-23 21:49:25'),
(415, 'KHA-100', 4, 1, '2023-02-23 21:49:25', '2023-02-23 21:49:25'),
(416, 'KHA-101', 4, 1, '2023-02-23 21:49:25', '2023-02-23 21:49:25'),
(417, 'KHA-102', 4, 0, '2023-02-23 21:49:25', '2023-02-23 21:49:25'),
(418, 'KHA-103', 4, 0, '2023-02-23 21:49:25', '2023-02-23 21:49:25'),
(419, 'KHA-104', 4, 1, '2023-02-23 21:49:25', '2023-02-23 21:49:25'),
(420, 'KHA-105', 4, 1, '2023-02-23 21:49:25', '2023-02-23 21:49:25');

-- --------------------------------------------------------

--
-- Table structure for table `seat_ranges`
--

CREATE TABLE `seat_ranges` (
  `id` bigint(20) UNSIGNED NOT NULL,
  `schedule_id` bigint(20) UNSIGNED NOT NULL,
  `bogi_id` bigint(20) UNSIGNED NOT NULL,
  `seats_id_range` varchar(20) NOT NULL COMMENT '11-30, 1-15 etc'
) ENGINE=InnoDB DEFAULT CHARSET=utf8mb4 COLLATE=utf8mb4_unicode_ci;

-- --------------------------------------------------------

--
-- Table structure for table `stations`
--

CREATE TABLE `stations` (
  `id` bigint(20) UNSIGNED NOT NULL,
  `name` varchar(255) NOT NULL,
  `address` varchar(255) NOT NULL,
  `lat` decimal(10,7) NOT NULL,
  `lon` decimal(10,7) NOT NULL,
  `created_at` timestamp NULL DEFAULT NULL,
  `updated_at` timestamp NULL DEFAULT NULL
) ENGINE=InnoDB DEFAULT CHARSET=utf8mb4 COLLATE=utf8mb4_unicode_ci;

--
-- Dumping data for table `stations`
--

INSERT INTO `stations` (`id`, `name`, `address`, `lat`, `lon`, `created_at`, `updated_at`) VALUES
(1, 'Khulna', 'Khulna', '90.2313400', '92.3125400', NULL, NULL),
(2, 'Dhaka Bimanbondor', 'Bimanbondor, Dhaka', '90.3134000', '92.1254000', NULL, NULL),
(3, 'Dhaka', 'Komlapur, Dhaka', '90.3340000', '92.1540000', NULL, NULL);

-- --------------------------------------------------------

--
-- Table structure for table `tickets`
--

CREATE TABLE `tickets` (
  `id` bigint(20) UNSIGNED NOT NULL,
  `station_from` bigint(20) UNSIGNED NOT NULL,
  `station_to` bigint(20) UNSIGNED NOT NULL,
  `user_id` bigint(20) UNSIGNED NOT NULL,
  `train_id` bigint(20) UNSIGNED NOT NULL,
  `seat_id` bigint(20) UNSIGNED NOT NULL,
  `price` mediumint(8) UNSIGNED NOT NULL,
  `journey_time` datetime NOT NULL,
  `train_name` varchar(255) NOT NULL,
  `bogi_name` varchar(255) NOT NULL,
  `seat_name` varchar(255) NOT NULL,
  `adult` tinyint(3) UNSIGNED NOT NULL,
  `child` tinyint(3) UNSIGNED DEFAULT NULL,
  `created_at` timestamp NULL DEFAULT NULL,
  `updated_at` timestamp NULL DEFAULT NULL
) ENGINE=InnoDB DEFAULT CHARSET=utf8mb4 COLLATE=utf8mb4_unicode_ci;

-- --------------------------------------------------------

--
-- Table structure for table `trains`
--

CREATE TABLE `trains` (
  `id` bigint(20) UNSIGNED NOT NULL,
  `name` varchar(255) NOT NULL,
  `journey_date` datetime NOT NULL,
  `route_id` bigint(20) UNSIGNED NOT NULL,
  `created_at` timestamp NULL DEFAULT NULL,
  `updated_at` timestamp NULL DEFAULT NULL
) ENGINE=InnoDB DEFAULT CHARSET=utf8mb4 COLLATE=utf8mb4_unicode_ci;

--
-- Dumping data for table `trains`
--

INSERT INTO `trains` (`id`, `name`, `journey_date`, `route_id`, `created_at`, `updated_at`) VALUES
(1, 'Chitra', '2023-02-22 00:00:00', 1, NULL, NULL),
(2, 'Chitra', '2023-02-23 00:00:00', 2, NULL, NULL);

-- --------------------------------------------------------

--
-- Table structure for table `train_lists`
--

CREATE TABLE `train_lists` (
  `id` bigint(20) UNSIGNED NOT NULL,
  `train_name` varchar(255) NOT NULL,
  `off_day` varchar(255) DEFAULT NULL,
  `up_down` tinyint(3) UNSIGNED NOT NULL COMMENT '0=up, 1=down',
  `created_at` timestamp NULL DEFAULT NULL,
  `updated_at` timestamp NULL DEFAULT NULL
) ENGINE=InnoDB DEFAULT CHARSET=utf8mb4 COLLATE=utf8mb4_unicode_ci;

--
-- Dumping data for table `train_lists`
--

INSERT INTO `train_lists` (`id`, `train_name`, `off_day`, `up_down`, `created_at`, `updated_at`) VALUES
(1, 'Chitra', 'Monday', 0, NULL, NULL),
(2, 'Chitra', 'Monday', 1, NULL, NULL),
(3, 'test', 'Sunday', 1, NULL, NULL),
(4, 'Train Test', 'Friday', 2, NULL, '2023-02-25 17:48:56'),
(6, 'aaaaaaaa', 'Sunday', 1, NULL, NULL),
(7, 'adsf', 'Sunday', 2, NULL, NULL),
(8, 'adfasdf', 'Sunday', 2, '2023-02-24 18:00:00', NULL);

-- --------------------------------------------------------

--
-- Table structure for table `users`
--

CREATE TABLE `users` (
  `id` bigint(20) UNSIGNED NOT NULL,
  `name` varchar(255) NOT NULL,
  `email` varchar(255) NOT NULL,
  `is_admin` tinyint(3) UNSIGNED NOT NULL DEFAULT 0 COMMENT '0=user, 1=admin',
  `email_verified_at` timestamp NULL DEFAULT NULL,
  `password` varchar(255) NOT NULL,
  `remember_token` varchar(100) DEFAULT NULL,
  `created_at` timestamp NULL DEFAULT NULL,
  `updated_at` timestamp NULL DEFAULT NULL
) ENGINE=InnoDB DEFAULT CHARSET=utf8mb4 COLLATE=utf8mb4_unicode_ci;

--
-- Dumping data for table `users`
--

INSERT INTO `users` (`id`, `name`, `email`, `is_admin`, `email_verified_at`, `password`, `remember_token`, `created_at`, `updated_at`) VALUES
(1, 'Naymur Rahman', 'naymur@example.com', 1, NULL, '$2y$10$agHxJi5PTfzcFLn.egOhL.vMhKcDZfHddEBOfrie7UAKSp2.e3akC', 'MZoz13JdChIABd1WydZpOI8Xy6zXGoJ7EeJURarJPlAlTf0M934oo9T59Exj', '2023-02-23 21:49:24', '2023-02-23 21:49:24'),
(2, 'Alauddin Alo', 'alo@example.com', 0, NULL, '$2y$10$JMZO1VqwetbRCw3X9iybcuLi.xBCIGFgXI8XNzYZ.VXuWgnRQfz2a', NULL, '2023-02-23 23:28:28', '2023-02-23 23:28:28'),
(3, 'Fayzullah Aman', 'fayzullah_aman@example.com', 0, NULL, '$2y$10$LoIwcsTJVuh3oPSu.BpEqOV4nB8y9/sw5dQ1pkfSGp7PLlfKgcVL.', NULL, '2023-02-24 05:34:12', '2023-02-24 06:04:33');

--
-- Indexes for dumped tables
--

--
-- Indexes for table `bogis`
--
ALTER TABLE `bogis`
  ADD PRIMARY KEY (`id`),
  ADD KEY `bogis_train_id_foreign` (`train_id`),
  ADD KEY `bogis_bogi_type_id_foreign` (`bogi_type_id`);

--
-- Indexes for table `bogi_types`
--
ALTER TABLE `bogi_types`
  ADD PRIMARY KEY (`id`);

--
-- Indexes for table `failed_jobs`
--
ALTER TABLE `failed_jobs`
  ADD PRIMARY KEY (`id`),
  ADD UNIQUE KEY `failed_jobs_uuid_unique` (`uuid`);

--
-- Indexes for table `migrations`
--
ALTER TABLE `migrations`
  ADD PRIMARY KEY (`id`);

--
-- Indexes for table `password_resets`
--
ALTER TABLE `password_resets`
  ADD KEY `password_resets_email_index` (`email`);

--
-- Indexes for table `personal_access_tokens`
--
ALTER TABLE `personal_access_tokens`
  ADD PRIMARY KEY (`id`),
  ADD UNIQUE KEY `personal_access_tokens_token_unique` (`token`),
  ADD KEY `personal_access_tokens_tokenable_type_tokenable_id_index` (`tokenable_type`,`tokenable_id`);

--
-- Indexes for table `routes`
--
ALTER TABLE `routes`
  ADD KEY `routes_route_id_foreign` (`route_id`),
  ADD KEY `routes_station_id_foreign` (`station_id`);

--
-- Indexes for table `schedules`
--
ALTER TABLE `schedules`
  ADD PRIMARY KEY (`id`),
  ADD KEY `schedules_train_id_foreign` (`train_id`),
  ADD KEY `schedules_from_station_id_foreign` (`from_station_id`),
  ADD KEY `schedules_to_station_id_foreign` (`to_station_id`);

--
-- Indexes for table `seats`
--
ALTER TABLE `seats`
  ADD PRIMARY KEY (`id`),
  ADD KEY `seats_bogi_id_foreign` (`bogi_id`);

--
-- Indexes for table `seat_ranges`
--
ALTER TABLE `seat_ranges`
  ADD PRIMARY KEY (`id`),
  ADD KEY `seat_ranges_schedule_id_foreign` (`schedule_id`),
  ADD KEY `seat_ranges_bogi_id_foreign` (`bogi_id`);

--
-- Indexes for table `stations`
--
ALTER TABLE `stations`
  ADD PRIMARY KEY (`id`),
  ADD UNIQUE KEY `stations_name_address_lat_lon_unique` (`name`,`address`,`lat`,`lon`);

--
-- Indexes for table `tickets`
--
ALTER TABLE `tickets`
  ADD PRIMARY KEY (`id`),
  ADD KEY `tickets_station_from_foreign` (`station_from`),
  ADD KEY `tickets_station_to_foreign` (`station_to`),
  ADD KEY `tickets_user_id_foreign` (`user_id`),
  ADD KEY `tickets_train_id_foreign` (`train_id`),
  ADD KEY `tickets_seat_id_foreign` (`seat_id`);

--
-- Indexes for table `trains`
--
ALTER TABLE `trains`
  ADD PRIMARY KEY (`id`),
  ADD KEY `trains_route_id_foreign` (`route_id`);

--
-- Indexes for table `train_lists`
--
ALTER TABLE `train_lists`
  ADD PRIMARY KEY (`id`);

--
-- Indexes for table `users`
--
ALTER TABLE `users`
  ADD PRIMARY KEY (`id`),
  ADD UNIQUE KEY `users_email_unique` (`email`);

--
-- AUTO_INCREMENT for dumped tables
--

--
-- AUTO_INCREMENT for table `bogis`
--
ALTER TABLE `bogis`
  MODIFY `id` bigint(20) UNSIGNED NOT NULL AUTO_INCREMENT, AUTO_INCREMENT=5;

--
-- AUTO_INCREMENT for table `bogi_types`
--
ALTER TABLE `bogi_types`
  MODIFY `id` bigint(20) UNSIGNED NOT NULL AUTO_INCREMENT, AUTO_INCREMENT=3;

--
-- AUTO_INCREMENT for table `failed_jobs`
--
ALTER TABLE `failed_jobs`
  MODIFY `id` bigint(20) UNSIGNED NOT NULL AUTO_INCREMENT;

--
-- AUTO_INCREMENT for table `migrations`
--
ALTER TABLE `migrations`
  MODIFY `id` int(10) UNSIGNED NOT NULL AUTO_INCREMENT, AUTO_INCREMENT=15;

--
-- AUTO_INCREMENT for table `personal_access_tokens`
--
ALTER TABLE `personal_access_tokens`
  MODIFY `id` bigint(20) UNSIGNED NOT NULL AUTO_INCREMENT;

--
-- AUTO_INCREMENT for table `schedules`
--
ALTER TABLE `schedules`
  MODIFY `id` bigint(20) UNSIGNED NOT NULL AUTO_INCREMENT, AUTO_INCREMENT=4;

--
-- AUTO_INCREMENT for table `seats`
--
ALTER TABLE `seats`
  MODIFY `id` bigint(20) UNSIGNED NOT NULL AUTO_INCREMENT, AUTO_INCREMENT=421;

--
-- AUTO_INCREMENT for table `seat_ranges`
--
ALTER TABLE `seat_ranges`
  MODIFY `id` bigint(20) UNSIGNED NOT NULL AUTO_INCREMENT;

--
-- AUTO_INCREMENT for table `stations`
--
ALTER TABLE `stations`
  MODIFY `id` bigint(20) UNSIGNED NOT NULL AUTO_INCREMENT, AUTO_INCREMENT=4;

--
-- AUTO_INCREMENT for table `tickets`
--
ALTER TABLE `tickets`
  MODIFY `id` bigint(20) UNSIGNED NOT NULL AUTO_INCREMENT;

--
-- AUTO_INCREMENT for table `trains`
--
ALTER TABLE `trains`
  MODIFY `id` bigint(20) UNSIGNED NOT NULL AUTO_INCREMENT, AUTO_INCREMENT=3;

--
-- AUTO_INCREMENT for table `train_lists`
--
ALTER TABLE `train_lists`
  MODIFY `id` bigint(20) UNSIGNED NOT NULL AUTO_INCREMENT, AUTO_INCREMENT=9;

--
-- AUTO_INCREMENT for table `users`
--
ALTER TABLE `users`
  MODIFY `id` bigint(20) UNSIGNED NOT NULL AUTO_INCREMENT, AUTO_INCREMENT=5;

--
-- Constraints for dumped tables
--

--
-- Constraints for table `bogis`
--
ALTER TABLE `bogis`
  ADD CONSTRAINT `bogis_bogi_type_id_foreign` FOREIGN KEY (`bogi_type_id`) REFERENCES `bogi_types` (`id`) ON DELETE CASCADE,
  ADD CONSTRAINT `bogis_train_id_foreign` FOREIGN KEY (`train_id`) REFERENCES `trains` (`id`) ON DELETE CASCADE;

--
-- Constraints for table `routes`
--
ALTER TABLE `routes`
  ADD CONSTRAINT `routes_route_id_foreign` FOREIGN KEY (`route_id`) REFERENCES `train_lists` (`id`),
  ADD CONSTRAINT `routes_station_id_foreign` FOREIGN KEY (`station_id`) REFERENCES `stations` (`id`);

--
-- Constraints for table `schedules`
--
ALTER TABLE `schedules`
  ADD CONSTRAINT `schedules_from_station_id_foreign` FOREIGN KEY (`from_station_id`) REFERENCES `stations` (`id`) ON DELETE CASCADE,
  ADD CONSTRAINT `schedules_to_station_id_foreign` FOREIGN KEY (`to_station_id`) REFERENCES `stations` (`id`) ON DELETE CASCADE,
  ADD CONSTRAINT `schedules_train_id_foreign` FOREIGN KEY (`train_id`) REFERENCES `trains` (`id`) ON DELETE CASCADE;

--
-- Constraints for table `seats`
--
ALTER TABLE `seats`
  ADD CONSTRAINT `seats_bogi_id_foreign` FOREIGN KEY (`bogi_id`) REFERENCES `bogis` (`id`) ON DELETE CASCADE;

--
-- Constraints for table `seat_ranges`
--
ALTER TABLE `seat_ranges`
  ADD CONSTRAINT `seat_ranges_bogi_id_foreign` FOREIGN KEY (`bogi_id`) REFERENCES `bogis` (`id`),
  ADD CONSTRAINT `seat_ranges_schedule_id_foreign` FOREIGN KEY (`schedule_id`) REFERENCES `schedules` (`id`) ON DELETE CASCADE;

--
-- Constraints for table `tickets`
--
ALTER TABLE `tickets`
  ADD CONSTRAINT `tickets_seat_id_foreign` FOREIGN KEY (`seat_id`) REFERENCES `seats` (`id`),
  ADD CONSTRAINT `tickets_station_from_foreign` FOREIGN KEY (`station_from`) REFERENCES `stations` (`id`),
  ADD CONSTRAINT `tickets_station_to_foreign` FOREIGN KEY (`station_to`) REFERENCES `stations` (`id`),
  ADD CONSTRAINT `tickets_train_id_foreign` FOREIGN KEY (`train_id`) REFERENCES `trains` (`id`),
  ADD CONSTRAINT `tickets_user_id_foreign` FOREIGN KEY (`user_id`) REFERENCES `users` (`id`);

--
-- Constraints for table `trains`
--
ALTER TABLE `trains`
  ADD CONSTRAINT `trains_route_id_foreign` FOREIGN KEY (`route_id`) REFERENCES `train_lists` (`id`);
COMMIT;

/*!40101 SET CHARACTER_SET_CLIENT=@OLD_CHARACTER_SET_CLIENT */;
/*!40101 SET CHARACTER_SET_RESULTS=@OLD_CHARACTER_SET_RESULTS */;
/*!40101 SET COLLATION_CONNECTION=@OLD_COLLATION_CONNECTION */;
