-- phpMyAdmin SQL Dump
-- version 5.2.0
-- https://www.phpmyadmin.net/
--
-- Host: 127.0.0.1
-- Generation Time: Mar 02, 2023 at 07:09 AM
-- Server version: 10.4.27-MariaDB
-- PHP Version: 8.1.12

SET SQL_MODE = "NO_AUTO_VALUE_ON_ZERO";
START TRANSACTION;
SET time_zone = "+00:00";


/*!40101 SET @OLD_CHARACTER_SET_CLIENT=@@CHARACTER_SET_CLIENT */;
/*!40101 SET @OLD_CHARACTER_SET_RESULTS=@@CHARACTER_SET_RESULTS */;
/*!40101 SET @OLD_COLLATION_CONNECTION=@@COLLATION_CONNECTION */;
/*!40101 SET NAMES utf8mb4 */;

--
-- Database: `e_ticket`
--

-- --------------------------------------------------------

--
-- Table structure for table `bogis`
--

CREATE TABLE `bogis` (
  `id` bigint(20) UNSIGNED NOT NULL,
  `bogi_name` varchar(255) NOT NULL,
  `train_id` bigint(20) UNSIGNED NOT NULL,
  `bogi_type_id` bigint(20) UNSIGNED NOT NULL,
  `created_at` timestamp NULL DEFAULT NULL,
  `updated_at` timestamp NULL DEFAULT NULL
) ENGINE=InnoDB DEFAULT CHARSET=utf8mb4 COLLATE=utf8mb4_unicode_ci;

--
-- Dumping data for table `bogis`
--

INSERT INTO `bogis` (`id`, `bogi_name`, `train_id`, `bogi_type_id`, `created_at`, `updated_at`) VALUES
(5, 'KA', 3, 2, '2023-03-02 03:03:40', '2023-03-02 03:03:40'),
(6, 'KHA', 3, 1, '2023-03-02 03:03:40', '2023-03-02 03:03:40'),
(7, 'KA', 4, 2, '2023-03-02 04:20:16', '2023-03-02 04:20:16'),
(8, 'KHA', 4, 1, '2023-03-02 04:20:16', '2023-03-02 04:20:16'),
(9, 'GA', 4, 1, '2023-03-02 04:20:16', '2023-03-02 04:20:16'),
(10, 'KA', 5, 1, '2023-03-02 05:56:43', '2023-03-02 05:56:43'),
(11, 'KHA', 5, 2, '2023-03-02 05:56:43', '2023-03-02 05:56:43'),
(12, 'KA', 6, 2, '2023-03-02 05:58:43', '2023-03-02 05:58:43'),
(13, 'KHA', 6, 1, '2023-03-02 05:58:44', '2023-03-02 05:58:44'),
(14, 'KA', 7, 2, '2023-03-02 06:01:38', '2023-03-02 06:01:38'),
(15, 'KHA', 7, 1, '2023-03-02 06:01:38', '2023-03-02 06:01:38');

-- --------------------------------------------------------

--
-- Table structure for table `bogi_types`
--

CREATE TABLE `bogi_types` (
  `id` bigint(20) UNSIGNED NOT NULL,
  `bogi_type_name` varchar(20) NOT NULL COMMENT 'shovon, s_chair, f_chair, f_seat, f_berth, snigdha, ac_s, ac_b',
  `seat_count` tinyint(3) UNSIGNED NOT NULL COMMENT 'number of seats in this type bogi',
  `created_at` timestamp NULL DEFAULT NULL,
  `updated_at` timestamp NULL DEFAULT NULL
) ENGINE=InnoDB DEFAULT CHARSET=utf8mb4 COLLATE=utf8mb4_unicode_ci;

--
-- Dumping data for table `bogi_types`
--

INSERT INTO `bogi_types` (`id`, `bogi_type_name`, `seat_count`, `created_at`, `updated_at`) VALUES
(1, 's_chair', 105, '2023-03-02 03:02:21', NULL),
(2, 'ac_s', 75, '2023-03-02 03:02:21', NULL);

-- --------------------------------------------------------

--
-- Table structure for table `failed_jobs`
--

CREATE TABLE `failed_jobs` (
  `id` bigint(20) UNSIGNED NOT NULL,
  `uuid` varchar(255) NOT NULL,
  `connection` text NOT NULL,
  `queue` text NOT NULL,
  `payload` longtext NOT NULL,
  `exception` longtext NOT NULL,
  `failed_at` timestamp NOT NULL DEFAULT current_timestamp()
) ENGINE=InnoDB DEFAULT CHARSET=utf8mb4 COLLATE=utf8mb4_unicode_ci;

-- --------------------------------------------------------

--
-- Table structure for table `migrations`
--

CREATE TABLE `migrations` (
  `id` int(10) UNSIGNED NOT NULL,
  `migration` varchar(255) NOT NULL,
  `batch` int(11) NOT NULL
) ENGINE=InnoDB DEFAULT CHARSET=utf8mb4 COLLATE=utf8mb4_unicode_ci;

--
-- Dumping data for table `migrations`
--

INSERT INTO `migrations` (`id`, `migration`, `batch`) VALUES
(1, '2014_10_12_000000_create_users_table', 1),
(2, '2014_10_12_100000_create_password_resets_table', 1),
(3, '2019_08_19_000000_create_failed_jobs_table', 1),
(4, '2019_12_14_000001_create_personal_access_tokens_table', 1),
(5, '2023_01_29_062417_create_stations_table', 1),
(6, '2023_02_22_041923_create_train_lists_table', 1),
(7, '2023_02_22_042824_create_routes_table', 1),
(8, '2023_02_22_051810_create_trains_table', 1),
(9, '2023_02_22_052054_create_schedules_table', 1),
(10, '2023_02_22_052100_create_bogi_types_table', 1),
(11, '2023_02_22_052150_create_bogis_table', 1),
(12, '2023_02_22_052216_create_seats_table', 1),
(13, '2023_02_23_025009_create_seat_ranges_table', 1),
(14, '2023_02_23_033314_create_tickets_table', 1);

-- --------------------------------------------------------

--
-- Table structure for table `password_resets`
--

CREATE TABLE `password_resets` (
  `email` varchar(255) NOT NULL,
  `token` varchar(255) NOT NULL,
  `created_at` timestamp NULL DEFAULT NULL
) ENGINE=InnoDB DEFAULT CHARSET=utf8mb4 COLLATE=utf8mb4_unicode_ci;

-- --------------------------------------------------------

--
-- Table structure for table `personal_access_tokens`
--

CREATE TABLE `personal_access_tokens` (
  `id` bigint(20) UNSIGNED NOT NULL,
  `tokenable_type` varchar(255) NOT NULL,
  `tokenable_id` bigint(20) UNSIGNED NOT NULL,
  `name` varchar(255) NOT NULL,
  `token` varchar(64) NOT NULL,
  `abilities` text DEFAULT NULL,
  `last_used_at` timestamp NULL DEFAULT NULL,
  `created_at` timestamp NULL DEFAULT NULL,
  `updated_at` timestamp NULL DEFAULT NULL
) ENGINE=InnoDB DEFAULT CHARSET=utf8mb4 COLLATE=utf8mb4_unicode_ci;

-- --------------------------------------------------------

--
-- Table structure for table `routes`
--

CREATE TABLE `routes` (
  `route_id` bigint(20) UNSIGNED NOT NULL,
  `station_id` bigint(20) UNSIGNED NOT NULL,
  `time_from_prev_station` time DEFAULT NULL,
  `sl_no` tinyint(3) UNSIGNED NOT NULL,
  `created_at` timestamp NULL DEFAULT NULL,
  `updated_at` timestamp NULL DEFAULT NULL
) ENGINE=InnoDB DEFAULT CHARSET=utf8mb4 COLLATE=utf8mb4_unicode_ci;

--
-- Dumping data for table `routes`
--

INSERT INTO `routes` (`route_id`, `station_id`, `time_from_prev_station`, `sl_no`, `created_at`, `updated_at`) VALUES
(1, 1, '00:00:00', 1, NULL, NULL),
(1, 2, '02:00:00', 2, NULL, NULL),
(1, 3, '00:30:00', 3, NULL, NULL),
(2, 3, '00:00:00', 1, NULL, NULL),
(2, 2, '00:30:00', 2, NULL, NULL),
(2, 1, '02:30:00', 3, NULL, NULL),
(3, 1, '00:00:00', 1, '2023-03-02 06:00:55', '2023-03-02 06:00:55'),
(3, 2, '04:00:00', 2, '2023-03-02 06:00:55', '2023-03-02 06:00:55'),
(3, 3, '00:30:00', 3, '2023-03-02 06:00:55', '2023-03-02 06:00:55');

-- --------------------------------------------------------

--
-- Table structure for table `schedules`
--

CREATE TABLE `schedules` (
  `id` bigint(20) UNSIGNED NOT NULL,
  `train_id` bigint(20) UNSIGNED NOT NULL,
  `from_station_id` bigint(20) UNSIGNED NOT NULL,
  `to_station_id` bigint(20) UNSIGNED NOT NULL,
  `left_station_at` datetime NOT NULL,
  `reach_destination_at` datetime NOT NULL,
  `ac_b_price` double(8,2) DEFAULT NULL,
  `ac_s_price` double(8,2) DEFAULT NULL,
  `snigdha_price` double(8,2) DEFAULT NULL,
  `f_berth_price` double(8,2) DEFAULT NULL,
  `f_seat_price` double(8,2) DEFAULT NULL,
  `f_chair_price` double(8,2) DEFAULT NULL,
  `s_chair_price` double(8,2) DEFAULT NULL,
  `shovon_price` double(8,2) DEFAULT NULL,
  `created_at` timestamp NULL DEFAULT NULL,
  `updated_at` timestamp NULL DEFAULT NULL
) ENGINE=InnoDB DEFAULT CHARSET=utf8mb4 COLLATE=utf8mb4_unicode_ci;

--
-- Dumping data for table `schedules`
--

INSERT INTO `schedules` (`id`, `train_id`, `from_station_id`, `to_station_id`, `left_station_at`, `reach_destination_at`, `ac_b_price`, `ac_s_price`, `snigdha_price`, `f_berth_price`, `f_seat_price`, `f_chair_price`, `s_chair_price`, `shovon_price`, `created_at`, `updated_at`) VALUES
(4, 3, 1, 2, '2023-03-05 20:00:00', '2023-03-05 22:00:00', NULL, 500.00, NULL, NULL, NULL, NULL, 350.00, NULL, '2023-03-02 03:06:41', '2023-03-02 03:06:41'),
(5, 3, 1, 3, '2023-03-05 20:00:00', '2023-03-05 22:30:00', NULL, 600.00, NULL, NULL, NULL, NULL, 400.00, NULL, '2023-03-02 03:06:41', '2023-03-02 03:06:41'),
(6, 4, 1, 2, '2023-03-07 12:00:00', '2023-03-07 14:00:00', NULL, 500.00, NULL, NULL, NULL, NULL, 300.00, NULL, '2023-03-02 04:22:14', '2023-03-02 04:22:14'),
(7, 4, 1, 3, '2023-03-07 12:00:00', '2023-03-07 14:30:00', NULL, 700.00, NULL, NULL, NULL, NULL, 400.00, NULL, '2023-03-02 04:22:14', '2023-03-02 04:22:14'),
(8, 5, 3, 2, '2023-03-02 16:00:00', '2023-03-02 16:30:00', NULL, 400.00, NULL, NULL, NULL, NULL, 300.00, NULL, '2023-03-02 05:58:04', '2023-03-02 05:58:04'),
(9, 5, 3, 1, '2023-03-02 16:00:00', '2023-03-02 19:00:00', NULL, 500.00, NULL, NULL, NULL, NULL, 350.00, NULL, '2023-03-02 05:58:04', '2023-03-02 05:58:04'),
(10, 6, 1, 2, '2023-03-02 14:00:00', '2023-03-02 16:00:00', NULL, 400.00, NULL, NULL, NULL, NULL, 300.00, NULL, '2023-03-02 05:59:41', '2023-03-02 05:59:41'),
(11, 6, 1, 3, '2023-03-02 14:00:00', '2023-03-02 16:30:00', NULL, 500.00, NULL, NULL, NULL, NULL, 400.00, NULL, '2023-03-02 05:59:41', '2023-03-02 05:59:41'),
(12, 7, 1, 2, '2023-03-02 22:00:00', '2023-03-03 02:00:00', NULL, 400.00, NULL, NULL, NULL, NULL, 300.00, NULL, '2023-03-02 06:02:40', '2023-03-02 06:02:40'),
(13, 7, 1, 3, '2023-03-02 22:00:00', '2023-03-03 02:30:00', NULL, 500.00, NULL, NULL, NULL, NULL, 400.00, NULL, '2023-03-02 06:02:40', '2023-03-02 06:02:40');

-- --------------------------------------------------------

--
-- Table structure for table `seats`
--

CREATE TABLE `seats` (
  `id` bigint(20) UNSIGNED NOT NULL,
  `seat_name` varchar(255) NOT NULL,
  `bogi_id` bigint(20) UNSIGNED NOT NULL,
  `booked` tinyint(3) UNSIGNED NOT NULL DEFAULT 0 COMMENT '0=open, 1=selected, 2=booked',
  `created_at` timestamp NULL DEFAULT NULL,
  `updated_at` timestamp NULL DEFAULT NULL
) ENGINE=InnoDB DEFAULT CHARSET=utf8mb4 COLLATE=utf8mb4_unicode_ci;

--
-- Dumping data for table `seats`
--

INSERT INTO `seats` (`id`, `seat_name`, `bogi_id`, `booked`, `created_at`, `updated_at`) VALUES
(421, 'KA-1', 5, 0, '2023-03-02 03:03:40', '2023-03-02 03:03:40'),
(422, 'KA-2', 5, 0, '2023-03-02 03:03:40', '2023-03-02 03:03:40'),
(423, 'KA-3', 5, 0, '2023-03-02 03:03:40', '2023-03-02 03:03:40'),
(424, 'KA-4', 5, 0, '2023-03-02 03:03:40', '2023-03-02 03:03:40'),
(425, 'KA-5', 5, 0, '2023-03-02 03:03:40', '2023-03-02 03:03:40'),
(426, 'KA-6', 5, 0, '2023-03-02 03:03:40', '2023-03-02 03:03:40'),
(427, 'KA-7', 5, 0, '2023-03-02 03:03:40', '2023-03-02 03:03:40'),
(428, 'KA-8', 5, 0, '2023-03-02 03:03:40', '2023-03-02 03:03:40'),
(429, 'KA-9', 5, 0, '2023-03-02 03:03:40', '2023-03-02 03:03:40'),
(430, 'KA-10', 5, 0, '2023-03-02 03:03:40', '2023-03-02 03:03:40'),
(431, 'KA-11', 5, 0, '2023-03-02 03:03:40', '2023-03-02 03:03:40'),
(432, 'KA-12', 5, 0, '2023-03-02 03:03:40', '2023-03-02 03:03:40'),
(433, 'KA-13', 5, 0, '2023-03-02 03:03:40', '2023-03-02 03:03:40'),
(434, 'KA-14', 5, 0, '2023-03-02 03:03:40', '2023-03-02 03:03:40'),
(435, 'KA-15', 5, 0, '2023-03-02 03:03:40', '2023-03-02 03:03:40'),
(436, 'KA-16', 5, 0, '2023-03-02 03:03:40', '2023-03-02 03:03:40'),
(437, 'KA-17', 5, 0, '2023-03-02 03:03:40', '2023-03-02 03:03:40'),
(438, 'KA-18', 5, 0, '2023-03-02 03:03:40', '2023-03-02 03:03:40'),
(439, 'KA-19', 5, 0, '2023-03-02 03:03:40', '2023-03-02 03:03:40'),
(440, 'KA-20', 5, 0, '2023-03-02 03:03:40', '2023-03-02 03:03:40'),
(441, 'KA-21', 5, 0, '2023-03-02 03:03:40', '2023-03-02 03:03:40'),
(442, 'KA-22', 5, 0, '2023-03-02 03:03:40', '2023-03-02 03:03:40'),
(443, 'KA-23', 5, 0, '2023-03-02 03:03:40', '2023-03-02 03:03:40'),
(444, 'KA-24', 5, 0, '2023-03-02 03:03:40', '2023-03-02 03:03:40'),
(445, 'KA-25', 5, 0, '2023-03-02 03:03:40', '2023-03-02 03:03:40'),
(446, 'KA-26', 5, 0, '2023-03-02 03:03:40', '2023-03-02 03:03:40'),
(447, 'KA-27', 5, 0, '2023-03-02 03:03:40', '2023-03-02 03:03:40'),
(448, 'KA-28', 5, 0, '2023-03-02 03:03:40', '2023-03-02 03:03:40'),
(449, 'KA-29', 5, 0, '2023-03-02 03:03:40', '2023-03-02 03:03:40'),
(450, 'KA-30', 5, 0, '2023-03-02 03:03:40', '2023-03-02 03:03:40'),
(451, 'KA-31', 5, 0, '2023-03-02 03:03:40', '2023-03-02 03:03:40'),
(452, 'KA-32', 5, 0, '2023-03-02 03:03:40', '2023-03-02 03:03:40'),
(453, 'KA-33', 5, 0, '2023-03-02 03:03:40', '2023-03-02 03:03:40'),
(454, 'KA-34', 5, 0, '2023-03-02 03:03:40', '2023-03-02 03:03:40'),
(455, 'KA-35', 5, 0, '2023-03-02 03:03:40', '2023-03-02 03:03:40'),
(456, 'KA-36', 5, 0, '2023-03-02 03:03:40', '2023-03-02 03:03:40'),
(457, 'KA-37', 5, 0, '2023-03-02 03:03:40', '2023-03-02 03:03:40'),
(458, 'KA-38', 5, 0, '2023-03-02 03:03:40', '2023-03-02 03:03:40'),
(459, 'KA-39', 5, 0, '2023-03-02 03:03:40', '2023-03-02 03:03:40'),
(460, 'KA-40', 5, 0, '2023-03-02 03:03:40', '2023-03-02 03:03:40'),
(461, 'KA-41', 5, 0, '2023-03-02 03:03:40', '2023-03-02 03:03:40'),
(462, 'KA-42', 5, 0, '2023-03-02 03:03:40', '2023-03-02 03:03:40'),
(463, 'KA-43', 5, 0, '2023-03-02 03:03:40', '2023-03-02 03:03:40'),
(464, 'KA-44', 5, 0, '2023-03-02 03:03:40', '2023-03-02 03:03:40'),
(465, 'KA-45', 5, 0, '2023-03-02 03:03:40', '2023-03-02 03:03:40'),
(466, 'KA-46', 5, 0, '2023-03-02 03:03:40', '2023-03-02 03:03:40'),
(467, 'KA-47', 5, 0, '2023-03-02 03:03:40', '2023-03-02 03:03:40'),
(468, 'KA-48', 5, 0, '2023-03-02 03:03:40', '2023-03-02 03:03:40'),
(469, 'KA-49', 5, 0, '2023-03-02 03:03:40', '2023-03-02 03:03:40'),
(470, 'KA-50', 5, 0, '2023-03-02 03:03:40', '2023-03-02 03:03:40'),
(471, 'KA-51', 5, 0, '2023-03-02 03:03:40', '2023-03-02 03:03:40'),
(472, 'KA-52', 5, 0, '2023-03-02 03:03:40', '2023-03-02 03:03:40'),
(473, 'KA-53', 5, 0, '2023-03-02 03:03:40', '2023-03-02 03:03:40'),
(474, 'KA-54', 5, 0, '2023-03-02 03:03:40', '2023-03-02 03:03:40'),
(475, 'KA-55', 5, 0, '2023-03-02 03:03:40', '2023-03-02 03:03:40'),
(476, 'KA-56', 5, 0, '2023-03-02 03:03:40', '2023-03-02 03:03:40'),
(477, 'KA-57', 5, 0, '2023-03-02 03:03:40', '2023-03-02 03:03:40'),
(478, 'KA-58', 5, 0, '2023-03-02 03:03:40', '2023-03-02 03:03:40'),
(479, 'KA-59', 5, 0, '2023-03-02 03:03:40', '2023-03-02 03:03:40'),
(480, 'KA-60', 5, 0, '2023-03-02 03:03:40', '2023-03-02 03:03:40'),
(481, 'KA-61', 5, 0, '2023-03-02 03:03:40', '2023-03-02 03:03:40'),
(482, 'KA-62', 5, 0, '2023-03-02 03:03:40', '2023-03-02 03:03:40'),
(483, 'KA-63', 5, 0, '2023-03-02 03:03:40', '2023-03-02 03:03:40'),
(484, 'KA-64', 5, 0, '2023-03-02 03:03:40', '2023-03-02 03:03:40'),
(485, 'KA-65', 5, 0, '2023-03-02 03:03:40', '2023-03-02 03:03:40'),
(486, 'KA-66', 5, 0, '2023-03-02 03:03:40', '2023-03-02 03:03:40'),
(487, 'KA-67', 5, 0, '2023-03-02 03:03:40', '2023-03-02 03:03:40'),
(488, 'KA-68', 5, 0, '2023-03-02 03:03:40', '2023-03-02 03:03:40'),
(489, 'KA-69', 5, 0, '2023-03-02 03:03:40', '2023-03-02 03:03:40'),
(490, 'KA-70', 5, 0, '2023-03-02 03:03:40', '2023-03-02 03:03:40'),
(491, 'KA-71', 5, 0, '2023-03-02 03:03:40', '2023-03-02 03:03:40'),
(492, 'KA-72', 5, 0, '2023-03-02 03:03:40', '2023-03-02 03:03:40'),
(493, 'KA-73', 5, 0, '2023-03-02 03:03:40', '2023-03-02 03:03:40'),
(494, 'KA-74', 5, 0, '2023-03-02 03:03:40', '2023-03-02 03:03:40'),
(495, 'KA-75', 5, 0, '2023-03-02 03:03:40', '2023-03-02 03:03:40'),
(496, 'KHA-1', 6, 0, '2023-03-02 03:03:40', '2023-03-02 03:03:40'),
(497, 'KHA-2', 6, 0, '2023-03-02 03:03:40', '2023-03-02 03:03:40'),
(498, 'KHA-3', 6, 0, '2023-03-02 03:03:40', '2023-03-02 03:03:40'),
(499, 'KHA-4', 6, 0, '2023-03-02 03:03:40', '2023-03-02 03:03:40'),
(500, 'KHA-5', 6, 0, '2023-03-02 03:03:40', '2023-03-02 03:03:40'),
(501, 'KHA-6', 6, 0, '2023-03-02 03:03:40', '2023-03-02 03:03:40'),
(502, 'KHA-7', 6, 0, '2023-03-02 03:03:40', '2023-03-02 03:03:40'),
(503, 'KHA-8', 6, 0, '2023-03-02 03:03:40', '2023-03-02 03:03:40'),
(504, 'KHA-9', 6, 0, '2023-03-02 03:03:40', '2023-03-02 03:03:40'),
(505, 'KHA-10', 6, 0, '2023-03-02 03:03:40', '2023-03-02 03:03:40'),
(506, 'KHA-11', 6, 0, '2023-03-02 03:03:40', '2023-03-02 03:03:40'),
(507, 'KHA-12', 6, 0, '2023-03-02 03:03:40', '2023-03-02 03:03:40'),
(508, 'KHA-13', 6, 0, '2023-03-02 03:03:40', '2023-03-02 03:03:40'),
(509, 'KHA-14', 6, 0, '2023-03-02 03:03:40', '2023-03-02 03:03:40'),
(510, 'KHA-15', 6, 0, '2023-03-02 03:03:40', '2023-03-02 03:03:40'),
(511, 'KHA-16', 6, 0, '2023-03-02 03:03:40', '2023-03-02 03:03:40'),
(512, 'KHA-17', 6, 0, '2023-03-02 03:03:40', '2023-03-02 03:03:40'),
(513, 'KHA-18', 6, 0, '2023-03-02 03:03:40', '2023-03-02 03:03:40'),
(514, 'KHA-19', 6, 0, '2023-03-02 03:03:40', '2023-03-02 03:03:40'),
(515, 'KHA-20', 6, 0, '2023-03-02 03:03:40', '2023-03-02 03:03:40'),
(516, 'KHA-21', 6, 0, '2023-03-02 03:03:40', '2023-03-02 03:03:40'),
(517, 'KHA-22', 6, 0, '2023-03-02 03:03:40', '2023-03-02 03:03:40'),
(518, 'KHA-23', 6, 0, '2023-03-02 03:03:40', '2023-03-02 03:03:40'),
(519, 'KHA-24', 6, 0, '2023-03-02 03:03:40', '2023-03-02 03:03:40'),
(520, 'KHA-25', 6, 0, '2023-03-02 03:03:40', '2023-03-02 03:03:40'),
(521, 'KHA-26', 6, 0, '2023-03-02 03:03:40', '2023-03-02 03:03:40'),
(522, 'KHA-27', 6, 0, '2023-03-02 03:03:40', '2023-03-02 03:03:40'),
(523, 'KHA-28', 6, 0, '2023-03-02 03:03:40', '2023-03-02 03:03:40'),
(524, 'KHA-29', 6, 0, '2023-03-02 03:03:40', '2023-03-02 03:03:40'),
(525, 'KHA-30', 6, 0, '2023-03-02 03:03:40', '2023-03-02 03:03:40'),
(526, 'KHA-31', 6, 0, '2023-03-02 03:03:40', '2023-03-02 03:03:40'),
(527, 'KHA-32', 6, 0, '2023-03-02 03:03:40', '2023-03-02 03:03:40'),
(528, 'KHA-33', 6, 0, '2023-03-02 03:03:40', '2023-03-02 03:03:40'),
(529, 'KHA-34', 6, 0, '2023-03-02 03:03:40', '2023-03-02 03:03:40'),
(530, 'KHA-35', 6, 0, '2023-03-02 03:03:40', '2023-03-02 03:03:40'),
(531, 'KHA-36', 6, 0, '2023-03-02 03:03:40', '2023-03-02 03:03:40'),
(532, 'KHA-37', 6, 0, '2023-03-02 03:03:40', '2023-03-02 03:03:40'),
(533, 'KHA-38', 6, 0, '2023-03-02 03:03:40', '2023-03-02 03:03:40'),
(534, 'KHA-39', 6, 0, '2023-03-02 03:03:40', '2023-03-02 03:03:40'),
(535, 'KHA-40', 6, 0, '2023-03-02 03:03:40', '2023-03-02 03:03:40'),
(536, 'KHA-41', 6, 0, '2023-03-02 03:03:40', '2023-03-02 03:03:40'),
(537, 'KHA-42', 6, 0, '2023-03-02 03:03:41', '2023-03-02 03:03:41'),
(538, 'KHA-43', 6, 0, '2023-03-02 03:03:41', '2023-03-02 03:03:41'),
(539, 'KHA-44', 6, 0, '2023-03-02 03:03:41', '2023-03-02 03:03:41'),
(540, 'KHA-45', 6, 0, '2023-03-02 03:03:41', '2023-03-02 03:03:41'),
(541, 'KHA-46', 6, 0, '2023-03-02 03:03:41', '2023-03-02 03:03:41'),
(542, 'KHA-47', 6, 0, '2023-03-02 03:03:41', '2023-03-02 03:03:41'),
(543, 'KHA-48', 6, 0, '2023-03-02 03:03:41', '2023-03-02 03:03:41'),
(544, 'KHA-49', 6, 0, '2023-03-02 03:03:41', '2023-03-02 03:03:41'),
(545, 'KHA-50', 6, 0, '2023-03-02 03:03:41', '2023-03-02 03:03:41'),
(546, 'KHA-51', 6, 0, '2023-03-02 03:03:41', '2023-03-02 03:03:41'),
(547, 'KHA-52', 6, 0, '2023-03-02 03:03:41', '2023-03-02 03:03:41'),
(548, 'KHA-53', 6, 0, '2023-03-02 03:03:41', '2023-03-02 03:03:41'),
(549, 'KHA-54', 6, 0, '2023-03-02 03:03:41', '2023-03-02 03:03:41'),
(550, 'KHA-55', 6, 0, '2023-03-02 03:03:41', '2023-03-02 03:03:41'),
(551, 'KHA-56', 6, 0, '2023-03-02 03:03:41', '2023-03-02 03:03:41'),
(552, 'KHA-57', 6, 0, '2023-03-02 03:03:41', '2023-03-02 03:03:41'),
(553, 'KHA-58', 6, 0, '2023-03-02 03:03:41', '2023-03-02 03:03:41'),
(554, 'KHA-59', 6, 0, '2023-03-02 03:03:41', '2023-03-02 03:03:41'),
(555, 'KHA-60', 6, 0, '2023-03-02 03:03:41', '2023-03-02 03:03:41'),
(556, 'KHA-61', 6, 0, '2023-03-02 03:03:41', '2023-03-02 03:03:41'),
(557, 'KHA-62', 6, 0, '2023-03-02 03:03:41', '2023-03-02 03:03:41'),
(558, 'KHA-63', 6, 0, '2023-03-02 03:03:41', '2023-03-02 03:03:41'),
(559, 'KHA-64', 6, 0, '2023-03-02 03:03:41', '2023-03-02 03:03:41'),
(560, 'KHA-65', 6, 0, '2023-03-02 03:03:41', '2023-03-02 03:03:41'),
(561, 'KHA-66', 6, 0, '2023-03-02 03:03:41', '2023-03-02 03:03:41'),
(562, 'KHA-67', 6, 0, '2023-03-02 03:03:41', '2023-03-02 03:03:41'),
(563, 'KHA-68', 6, 0, '2023-03-02 03:03:41', '2023-03-02 03:03:41'),
(564, 'KHA-69', 6, 0, '2023-03-02 03:03:41', '2023-03-02 03:03:41'),
(565, 'KHA-70', 6, 0, '2023-03-02 03:03:41', '2023-03-02 03:03:41'),
(566, 'KHA-71', 6, 0, '2023-03-02 03:03:41', '2023-03-02 03:03:41'),
(567, 'KHA-72', 6, 0, '2023-03-02 03:03:41', '2023-03-02 03:03:41'),
(568, 'KHA-73', 6, 0, '2023-03-02 03:03:41', '2023-03-02 03:03:41'),
(569, 'KHA-74', 6, 0, '2023-03-02 03:03:41', '2023-03-02 03:03:41'),
(570, 'KHA-75', 6, 0, '2023-03-02 03:03:41', '2023-03-02 03:03:41'),
(571, 'KHA-76', 6, 0, '2023-03-02 03:03:41', '2023-03-02 03:03:41'),
(572, 'KHA-77', 6, 0, '2023-03-02 03:03:41', '2023-03-02 03:03:41'),
(573, 'KHA-78', 6, 0, '2023-03-02 03:03:41', '2023-03-02 03:03:41'),
(574, 'KHA-79', 6, 0, '2023-03-02 03:03:41', '2023-03-02 03:03:41'),
(575, 'KHA-80', 6, 0, '2023-03-02 03:03:41', '2023-03-02 03:03:41'),
(576, 'KHA-81', 6, 0, '2023-03-02 03:03:41', '2023-03-02 03:03:41'),
(577, 'KHA-82', 6, 0, '2023-03-02 03:03:41', '2023-03-02 03:03:41'),
(578, 'KHA-83', 6, 0, '2023-03-02 03:03:41', '2023-03-02 03:03:41'),
(579, 'KHA-84', 6, 0, '2023-03-02 03:03:41', '2023-03-02 03:03:41'),
(580, 'KHA-85', 6, 0, '2023-03-02 03:03:41', '2023-03-02 03:03:41'),
(581, 'KHA-86', 6, 0, '2023-03-02 03:03:41', '2023-03-02 03:03:41'),
(582, 'KHA-87', 6, 0, '2023-03-02 03:03:41', '2023-03-02 03:03:41'),
(583, 'KHA-88', 6, 0, '2023-03-02 03:03:41', '2023-03-02 03:03:41'),
(584, 'KHA-89', 6, 0, '2023-03-02 03:03:41', '2023-03-02 03:03:41'),
(585, 'KHA-90', 6, 0, '2023-03-02 03:03:41', '2023-03-02 03:03:41'),
(586, 'KHA-91', 6, 0, '2023-03-02 03:03:41', '2023-03-02 03:03:41'),
(587, 'KHA-92', 6, 0, '2023-03-02 03:03:41', '2023-03-02 03:03:41'),
(588, 'KHA-93', 6, 0, '2023-03-02 03:03:41', '2023-03-02 03:03:41'),
(589, 'KHA-94', 6, 0, '2023-03-02 03:03:41', '2023-03-02 03:03:41'),
(590, 'KHA-95', 6, 0, '2023-03-02 03:03:41', '2023-03-02 03:03:41'),
(591, 'KHA-96', 6, 0, '2023-03-02 03:03:41', '2023-03-02 03:03:41'),
(592, 'KHA-97', 6, 0, '2023-03-02 03:03:41', '2023-03-02 03:03:41'),
(593, 'KHA-98', 6, 0, '2023-03-02 03:03:41', '2023-03-02 03:03:41'),
(594, 'KHA-99', 6, 0, '2023-03-02 03:03:41', '2023-03-02 03:03:41'),
(595, 'KHA-100', 6, 0, '2023-03-02 03:03:41', '2023-03-02 03:03:41'),
(596, 'KHA-101', 6, 0, '2023-03-02 03:03:41', '2023-03-02 03:03:41'),
(597, 'KHA-102', 6, 0, '2023-03-02 03:03:41', '2023-03-02 03:03:41'),
(598, 'KHA-103', 6, 0, '2023-03-02 03:03:41', '2023-03-02 03:03:41'),
(599, 'KHA-104', 6, 0, '2023-03-02 03:03:41', '2023-03-02 03:03:41'),
(600, 'KHA-105', 6, 0, '2023-03-02 03:03:41', '2023-03-02 03:03:41'),
(601, 'KA-1', 7, 0, '2023-03-02 04:20:16', '2023-03-02 04:20:16'),
(602, 'KA-2', 7, 0, '2023-03-02 04:20:16', '2023-03-02 04:20:16'),
(603, 'KA-3', 7, 0, '2023-03-02 04:20:16', '2023-03-02 04:20:16'),
(604, 'KA-4', 7, 0, '2023-03-02 04:20:16', '2023-03-02 04:20:16'),
(605, 'KA-5', 7, 0, '2023-03-02 04:20:16', '2023-03-02 04:20:16'),
(606, 'KA-6', 7, 0, '2023-03-02 04:20:16', '2023-03-02 04:20:16'),
(607, 'KA-7', 7, 0, '2023-03-02 04:20:16', '2023-03-02 04:20:16'),
(608, 'KA-8', 7, 0, '2023-03-02 04:20:16', '2023-03-02 04:20:16'),
(609, 'KA-9', 7, 0, '2023-03-02 04:20:16', '2023-03-02 04:20:16'),
(610, 'KA-10', 7, 0, '2023-03-02 04:20:16', '2023-03-02 04:20:16'),
(611, 'KA-11', 7, 0, '2023-03-02 04:20:16', '2023-03-02 04:20:16'),
(612, 'KA-12', 7, 0, '2023-03-02 04:20:16', '2023-03-02 04:20:16'),
(613, 'KA-13', 7, 0, '2023-03-02 04:20:16', '2023-03-02 04:20:16'),
(614, 'KA-14', 7, 0, '2023-03-02 04:20:16', '2023-03-02 04:20:16'),
(615, 'KA-15', 7, 0, '2023-03-02 04:20:16', '2023-03-02 04:20:16'),
(616, 'KA-16', 7, 0, '2023-03-02 04:20:16', '2023-03-02 04:20:16'),
(617, 'KA-17', 7, 0, '2023-03-02 04:20:16', '2023-03-02 04:20:16'),
(618, 'KA-18', 7, 0, '2023-03-02 04:20:16', '2023-03-02 04:20:16'),
(619, 'KA-19', 7, 0, '2023-03-02 04:20:16', '2023-03-02 04:20:16'),
(620, 'KA-20', 7, 0, '2023-03-02 04:20:16', '2023-03-02 04:20:16'),
(621, 'KA-21', 7, 0, '2023-03-02 04:20:16', '2023-03-02 04:20:16'),
(622, 'KA-22', 7, 0, '2023-03-02 04:20:16', '2023-03-02 04:20:16'),
(623, 'KA-23', 7, 0, '2023-03-02 04:20:16', '2023-03-02 04:20:16'),
(624, 'KA-24', 7, 0, '2023-03-02 04:20:16', '2023-03-02 04:20:16'),
(625, 'KA-25', 7, 0, '2023-03-02 04:20:16', '2023-03-02 04:20:16'),
(626, 'KA-26', 7, 0, '2023-03-02 04:20:16', '2023-03-02 04:20:16'),
(627, 'KA-27', 7, 0, '2023-03-02 04:20:16', '2023-03-02 04:20:16'),
(628, 'KA-28', 7, 0, '2023-03-02 04:20:16', '2023-03-02 04:20:16'),
(629, 'KA-29', 7, 0, '2023-03-02 04:20:16', '2023-03-02 04:20:16'),
(630, 'KA-30', 7, 0, '2023-03-02 04:20:16', '2023-03-02 04:20:16'),
(631, 'KA-31', 7, 0, '2023-03-02 04:20:16', '2023-03-02 04:20:16'),
(632, 'KA-32', 7, 0, '2023-03-02 04:20:16', '2023-03-02 04:20:16'),
(633, 'KA-33', 7, 0, '2023-03-02 04:20:16', '2023-03-02 04:20:16'),
(634, 'KA-34', 7, 0, '2023-03-02 04:20:16', '2023-03-02 04:20:16'),
(635, 'KA-35', 7, 0, '2023-03-02 04:20:16', '2023-03-02 04:20:16'),
(636, 'KA-36', 7, 0, '2023-03-02 04:20:16', '2023-03-02 04:20:16'),
(637, 'KA-37', 7, 0, '2023-03-02 04:20:16', '2023-03-02 04:20:16'),
(638, 'KA-38', 7, 0, '2023-03-02 04:20:16', '2023-03-02 04:20:16'),
(639, 'KA-39', 7, 0, '2023-03-02 04:20:16', '2023-03-02 04:20:16'),
(640, 'KA-40', 7, 0, '2023-03-02 04:20:16', '2023-03-02 04:20:16'),
(641, 'KA-41', 7, 0, '2023-03-02 04:20:16', '2023-03-02 04:20:16'),
(642, 'KA-42', 7, 0, '2023-03-02 04:20:16', '2023-03-02 04:20:16'),
(643, 'KA-43', 7, 0, '2023-03-02 04:20:16', '2023-03-02 04:20:16'),
(644, 'KA-44', 7, 0, '2023-03-02 04:20:16', '2023-03-02 04:20:16'),
(645, 'KA-45', 7, 0, '2023-03-02 04:20:16', '2023-03-02 04:20:16'),
(646, 'KA-46', 7, 0, '2023-03-02 04:20:16', '2023-03-02 04:20:16'),
(647, 'KA-47', 7, 0, '2023-03-02 04:20:16', '2023-03-02 04:20:16'),
(648, 'KA-48', 7, 0, '2023-03-02 04:20:16', '2023-03-02 04:20:16'),
(649, 'KA-49', 7, 0, '2023-03-02 04:20:16', '2023-03-02 04:20:16'),
(650, 'KA-50', 7, 0, '2023-03-02 04:20:16', '2023-03-02 04:20:16'),
(651, 'KA-51', 7, 0, '2023-03-02 04:20:16', '2023-03-02 04:20:16'),
(652, 'KA-52', 7, 0, '2023-03-02 04:20:16', '2023-03-02 04:20:16'),
(653, 'KA-53', 7, 0, '2023-03-02 04:20:16', '2023-03-02 04:20:16'),
(654, 'KA-54', 7, 0, '2023-03-02 04:20:16', '2023-03-02 04:20:16'),
(655, 'KA-55', 7, 0, '2023-03-02 04:20:16', '2023-03-02 04:20:16'),
(656, 'KA-56', 7, 0, '2023-03-02 04:20:16', '2023-03-02 04:20:16'),
(657, 'KA-57', 7, 0, '2023-03-02 04:20:16', '2023-03-02 04:20:16'),
(658, 'KA-58', 7, 0, '2023-03-02 04:20:16', '2023-03-02 04:20:16'),
(659, 'KA-59', 7, 0, '2023-03-02 04:20:16', '2023-03-02 04:20:16'),
(660, 'KA-60', 7, 0, '2023-03-02 04:20:16', '2023-03-02 04:20:16'),
(661, 'KA-61', 7, 0, '2023-03-02 04:20:16', '2023-03-02 04:20:16'),
(662, 'KA-62', 7, 0, '2023-03-02 04:20:16', '2023-03-02 04:20:16'),
(663, 'KA-63', 7, 0, '2023-03-02 04:20:16', '2023-03-02 04:20:16'),
(664, 'KA-64', 7, 0, '2023-03-02 04:20:16', '2023-03-02 04:20:16'),
(665, 'KA-65', 7, 0, '2023-03-02 04:20:16', '2023-03-02 04:20:16'),
(666, 'KA-66', 7, 0, '2023-03-02 04:20:16', '2023-03-02 04:20:16'),
(667, 'KA-67', 7, 0, '2023-03-02 04:20:16', '2023-03-02 04:20:16'),
(668, 'KA-68', 7, 0, '2023-03-02 04:20:16', '2023-03-02 04:20:16'),
(669, 'KA-69', 7, 0, '2023-03-02 04:20:16', '2023-03-02 04:20:16'),
(670, 'KA-70', 7, 0, '2023-03-02 04:20:16', '2023-03-02 04:20:16'),
(671, 'KA-71', 7, 0, '2023-03-02 04:20:16', '2023-03-02 04:20:16'),
(672, 'KA-72', 7, 0, '2023-03-02 04:20:16', '2023-03-02 04:20:16'),
(673, 'KA-73', 7, 0, '2023-03-02 04:20:16', '2023-03-02 04:20:16'),
(674, 'KA-74', 7, 0, '2023-03-02 04:20:16', '2023-03-02 04:20:16'),
(675, 'KA-75', 7, 0, '2023-03-02 04:20:16', '2023-03-02 04:20:16'),
(676, 'KHA-1', 8, 0, '2023-03-02 04:20:16', '2023-03-02 04:20:16'),
(677, 'KHA-2', 8, 0, '2023-03-02 04:20:16', '2023-03-02 04:20:16'),
(678, 'KHA-3', 8, 0, '2023-03-02 04:20:16', '2023-03-02 04:20:16'),
(679, 'KHA-4', 8, 0, '2023-03-02 04:20:16', '2023-03-02 04:20:16'),
(680, 'KHA-5', 8, 0, '2023-03-02 04:20:16', '2023-03-02 04:20:16'),
(681, 'KHA-6', 8, 0, '2023-03-02 04:20:16', '2023-03-02 04:20:16'),
(682, 'KHA-7', 8, 0, '2023-03-02 04:20:16', '2023-03-02 04:20:16'),
(683, 'KHA-8', 8, 0, '2023-03-02 04:20:16', '2023-03-02 04:20:16'),
(684, 'KHA-9', 8, 0, '2023-03-02 04:20:16', '2023-03-02 04:20:16'),
(685, 'KHA-10', 8, 0, '2023-03-02 04:20:16', '2023-03-02 04:20:16'),
(686, 'KHA-11', 8, 0, '2023-03-02 04:20:16', '2023-03-02 04:20:16'),
(687, 'KHA-12', 8, 0, '2023-03-02 04:20:16', '2023-03-02 04:20:16'),
(688, 'KHA-13', 8, 0, '2023-03-02 04:20:16', '2023-03-02 04:20:16'),
(689, 'KHA-14', 8, 0, '2023-03-02 04:20:16', '2023-03-02 04:20:16'),
(690, 'KHA-15', 8, 0, '2023-03-02 04:20:16', '2023-03-02 04:20:16'),
(691, 'KHA-16', 8, 0, '2023-03-02 04:20:16', '2023-03-02 04:20:16'),
(692, 'KHA-17', 8, 0, '2023-03-02 04:20:16', '2023-03-02 04:20:16'),
(693, 'KHA-18', 8, 0, '2023-03-02 04:20:16', '2023-03-02 04:20:16'),
(694, 'KHA-19', 8, 0, '2023-03-02 04:20:16', '2023-03-02 04:20:16'),
(695, 'KHA-20', 8, 0, '2023-03-02 04:20:16', '2023-03-02 04:20:16'),
(696, 'KHA-21', 8, 0, '2023-03-02 04:20:16', '2023-03-02 04:20:16'),
(697, 'KHA-22', 8, 0, '2023-03-02 04:20:16', '2023-03-02 04:20:16'),
(698, 'KHA-23', 8, 0, '2023-03-02 04:20:16', '2023-03-02 04:20:16'),
(699, 'KHA-24', 8, 0, '2023-03-02 04:20:16', '2023-03-02 04:20:16'),
(700, 'KHA-25', 8, 0, '2023-03-02 04:20:16', '2023-03-02 04:20:16'),
(701, 'KHA-26', 8, 0, '2023-03-02 04:20:16', '2023-03-02 04:20:16'),
(702, 'KHA-27', 8, 0, '2023-03-02 04:20:16', '2023-03-02 04:20:16'),
(703, 'KHA-28', 8, 0, '2023-03-02 04:20:16', '2023-03-02 04:20:16'),
(704, 'KHA-29', 8, 0, '2023-03-02 04:20:16', '2023-03-02 04:20:16'),
(705, 'KHA-30', 8, 0, '2023-03-02 04:20:16', '2023-03-02 04:20:16'),
(706, 'KHA-31', 8, 0, '2023-03-02 04:20:16', '2023-03-02 04:20:16'),
(707, 'KHA-32', 8, 0, '2023-03-02 04:20:16', '2023-03-02 04:20:16'),
(708, 'KHA-33', 8, 0, '2023-03-02 04:20:16', '2023-03-02 04:20:16'),
(709, 'KHA-34', 8, 0, '2023-03-02 04:20:16', '2023-03-02 04:20:16'),
(710, 'KHA-35', 8, 0, '2023-03-02 04:20:16', '2023-03-02 04:20:16'),
(711, 'KHA-36', 8, 0, '2023-03-02 04:20:16', '2023-03-02 04:20:16'),
(712, 'KHA-37', 8, 0, '2023-03-02 04:20:16', '2023-03-02 04:20:16'),
(713, 'KHA-38', 8, 0, '2023-03-02 04:20:16', '2023-03-02 04:20:16'),
(714, 'KHA-39', 8, 0, '2023-03-02 04:20:16', '2023-03-02 04:20:16'),
(715, 'KHA-40', 8, 0, '2023-03-02 04:20:16', '2023-03-02 04:20:16'),
(716, 'KHA-41', 8, 0, '2023-03-02 04:20:16', '2023-03-02 04:20:16'),
(717, 'KHA-42', 8, 0, '2023-03-02 04:20:16', '2023-03-02 04:20:16'),
(718, 'KHA-43', 8, 0, '2023-03-02 04:20:16', '2023-03-02 04:20:16'),
(719, 'KHA-44', 8, 0, '2023-03-02 04:20:16', '2023-03-02 04:20:16'),
(720, 'KHA-45', 8, 0, '2023-03-02 04:20:16', '2023-03-02 04:20:16'),
(721, 'KHA-46', 8, 0, '2023-03-02 04:20:16', '2023-03-02 04:20:16'),
(722, 'KHA-47', 8, 0, '2023-03-02 04:20:16', '2023-03-02 04:20:16'),
(723, 'KHA-48', 8, 0, '2023-03-02 04:20:16', '2023-03-02 04:20:16'),
(724, 'KHA-49', 8, 0, '2023-03-02 04:20:16', '2023-03-02 04:20:16'),
(725, 'KHA-50', 8, 0, '2023-03-02 04:20:16', '2023-03-02 04:20:16'),
(726, 'KHA-51', 8, 0, '2023-03-02 04:20:16', '2023-03-02 04:20:16'),
(727, 'KHA-52', 8, 0, '2023-03-02 04:20:16', '2023-03-02 04:20:16'),
(728, 'KHA-53', 8, 0, '2023-03-02 04:20:16', '2023-03-02 04:20:16'),
(729, 'KHA-54', 8, 0, '2023-03-02 04:20:16', '2023-03-02 04:20:16'),
(730, 'KHA-55', 8, 0, '2023-03-02 04:20:16', '2023-03-02 04:20:16'),
(731, 'KHA-56', 8, 0, '2023-03-02 04:20:16', '2023-03-02 04:20:16'),
(732, 'KHA-57', 8, 0, '2023-03-02 04:20:16', '2023-03-02 04:20:16'),
(733, 'KHA-58', 8, 0, '2023-03-02 04:20:16', '2023-03-02 04:20:16'),
(734, 'KHA-59', 8, 0, '2023-03-02 04:20:16', '2023-03-02 04:20:16'),
(735, 'KHA-60', 8, 0, '2023-03-02 04:20:16', '2023-03-02 04:20:16'),
(736, 'KHA-61', 8, 0, '2023-03-02 04:20:16', '2023-03-02 04:20:16'),
(737, 'KHA-62', 8, 0, '2023-03-02 04:20:16', '2023-03-02 04:20:16'),
(738, 'KHA-63', 8, 0, '2023-03-02 04:20:16', '2023-03-02 04:20:16'),
(739, 'KHA-64', 8, 0, '2023-03-02 04:20:16', '2023-03-02 04:20:16'),
(740, 'KHA-65', 8, 0, '2023-03-02 04:20:16', '2023-03-02 04:20:16'),
(741, 'KHA-66', 8, 0, '2023-03-02 04:20:16', '2023-03-02 04:20:16'),
(742, 'KHA-67', 8, 0, '2023-03-02 04:20:16', '2023-03-02 04:20:16'),
(743, 'KHA-68', 8, 0, '2023-03-02 04:20:16', '2023-03-02 04:20:16'),
(744, 'KHA-69', 8, 0, '2023-03-02 04:20:16', '2023-03-02 04:20:16'),
(745, 'KHA-70', 8, 0, '2023-03-02 04:20:16', '2023-03-02 04:20:16'),
(746, 'KHA-71', 8, 0, '2023-03-02 04:20:16', '2023-03-02 04:20:16'),
(747, 'KHA-72', 8, 0, '2023-03-02 04:20:16', '2023-03-02 04:20:16'),
(748, 'KHA-73', 8, 0, '2023-03-02 04:20:16', '2023-03-02 04:20:16'),
(749, 'KHA-74', 8, 0, '2023-03-02 04:20:16', '2023-03-02 04:20:16'),
(750, 'KHA-75', 8, 0, '2023-03-02 04:20:16', '2023-03-02 04:20:16'),
(751, 'KHA-76', 8, 0, '2023-03-02 04:20:16', '2023-03-02 04:20:16'),
(752, 'KHA-77', 8, 0, '2023-03-02 04:20:16', '2023-03-02 04:20:16'),
(753, 'KHA-78', 8, 0, '2023-03-02 04:20:16', '2023-03-02 04:20:16'),
(754, 'KHA-79', 8, 0, '2023-03-02 04:20:16', '2023-03-02 04:20:16'),
(755, 'KHA-80', 8, 0, '2023-03-02 04:20:16', '2023-03-02 04:20:16'),
(756, 'KHA-81', 8, 0, '2023-03-02 04:20:16', '2023-03-02 04:20:16'),
(757, 'KHA-82', 8, 0, '2023-03-02 04:20:16', '2023-03-02 04:20:16'),
(758, 'KHA-83', 8, 0, '2023-03-02 04:20:16', '2023-03-02 04:20:16'),
(759, 'KHA-84', 8, 0, '2023-03-02 04:20:16', '2023-03-02 04:20:16'),
(760, 'KHA-85', 8, 0, '2023-03-02 04:20:16', '2023-03-02 04:20:16'),
(761, 'KHA-86', 8, 0, '2023-03-02 04:20:16', '2023-03-02 04:20:16'),
(762, 'KHA-87', 8, 0, '2023-03-02 04:20:16', '2023-03-02 04:20:16'),
(763, 'KHA-88', 8, 0, '2023-03-02 04:20:16', '2023-03-02 04:20:16'),
(764, 'KHA-89', 8, 0, '2023-03-02 04:20:16', '2023-03-02 04:20:16'),
(765, 'KHA-90', 8, 0, '2023-03-02 04:20:16', '2023-03-02 04:20:16'),
(766, 'KHA-91', 8, 0, '2023-03-02 04:20:16', '2023-03-02 04:20:16'),
(767, 'KHA-92', 8, 0, '2023-03-02 04:20:16', '2023-03-02 04:20:16'),
(768, 'KHA-93', 8, 0, '2023-03-02 04:20:16', '2023-03-02 04:20:16'),
(769, 'KHA-94', 8, 0, '2023-03-02 04:20:16', '2023-03-02 04:20:16'),
(770, 'KHA-95', 8, 0, '2023-03-02 04:20:16', '2023-03-02 04:20:16'),
(771, 'KHA-96', 8, 0, '2023-03-02 04:20:16', '2023-03-02 04:20:16'),
(772, 'KHA-97', 8, 0, '2023-03-02 04:20:16', '2023-03-02 04:20:16'),
(773, 'KHA-98', 8, 0, '2023-03-02 04:20:16', '2023-03-02 04:20:16'),
(774, 'KHA-99', 8, 0, '2023-03-02 04:20:16', '2023-03-02 04:20:16'),
(775, 'KHA-100', 8, 0, '2023-03-02 04:20:16', '2023-03-02 04:20:16'),
(776, 'KHA-101', 8, 0, '2023-03-02 04:20:16', '2023-03-02 04:20:16'),
(777, 'KHA-102', 8, 0, '2023-03-02 04:20:16', '2023-03-02 04:20:16'),
(778, 'KHA-103', 8, 0, '2023-03-02 04:20:16', '2023-03-02 04:20:16'),
(779, 'KHA-104', 8, 0, '2023-03-02 04:20:16', '2023-03-02 04:20:16'),
(780, 'KHA-105', 8, 0, '2023-03-02 04:20:16', '2023-03-02 04:20:16'),
(781, 'GA-1', 9, 0, '2023-03-02 04:20:16', '2023-03-02 04:20:16'),
(782, 'GA-2', 9, 0, '2023-03-02 04:20:16', '2023-03-02 04:20:16'),
(783, 'GA-3', 9, 0, '2023-03-02 04:20:16', '2023-03-02 04:20:16'),
(784, 'GA-4', 9, 0, '2023-03-02 04:20:16', '2023-03-02 04:20:16'),
(785, 'GA-5', 9, 0, '2023-03-02 04:20:16', '2023-03-02 04:20:16'),
(786, 'GA-6', 9, 0, '2023-03-02 04:20:16', '2023-03-02 04:20:16'),
(787, 'GA-7', 9, 0, '2023-03-02 04:20:16', '2023-03-02 04:20:16'),
(788, 'GA-8', 9, 0, '2023-03-02 04:20:16', '2023-03-02 04:20:16'),
(789, 'GA-9', 9, 0, '2023-03-02 04:20:16', '2023-03-02 04:20:16'),
(790, 'GA-10', 9, 0, '2023-03-02 04:20:16', '2023-03-02 04:20:16'),
(791, 'GA-11', 9, 0, '2023-03-02 04:20:16', '2023-03-02 04:20:16'),
(792, 'GA-12', 9, 0, '2023-03-02 04:20:16', '2023-03-02 04:20:16'),
(793, 'GA-13', 9, 0, '2023-03-02 04:20:16', '2023-03-02 04:20:16'),
(794, 'GA-14', 9, 0, '2023-03-02 04:20:16', '2023-03-02 04:20:16'),
(795, 'GA-15', 9, 0, '2023-03-02 04:20:16', '2023-03-02 04:20:16'),
(796, 'GA-16', 9, 0, '2023-03-02 04:20:16', '2023-03-02 04:20:16'),
(797, 'GA-17', 9, 0, '2023-03-02 04:20:16', '2023-03-02 04:20:16'),
(798, 'GA-18', 9, 0, '2023-03-02 04:20:16', '2023-03-02 04:20:16'),
(799, 'GA-19', 9, 0, '2023-03-02 04:20:16', '2023-03-02 04:20:16'),
(800, 'GA-20', 9, 0, '2023-03-02 04:20:16', '2023-03-02 04:20:16'),
(801, 'GA-21', 9, 0, '2023-03-02 04:20:16', '2023-03-02 04:20:16'),
(802, 'GA-22', 9, 0, '2023-03-02 04:20:16', '2023-03-02 04:20:16'),
(803, 'GA-23', 9, 0, '2023-03-02 04:20:16', '2023-03-02 04:20:16'),
(804, 'GA-24', 9, 0, '2023-03-02 04:20:16', '2023-03-02 04:20:16'),
(805, 'GA-25', 9, 0, '2023-03-02 04:20:16', '2023-03-02 04:20:16'),
(806, 'GA-26', 9, 0, '2023-03-02 04:20:16', '2023-03-02 04:20:16'),
(807, 'GA-27', 9, 0, '2023-03-02 04:20:16', '2023-03-02 04:20:16'),
(808, 'GA-28', 9, 0, '2023-03-02 04:20:16', '2023-03-02 04:20:16'),
(809, 'GA-29', 9, 0, '2023-03-02 04:20:16', '2023-03-02 04:20:16'),
(810, 'GA-30', 9, 0, '2023-03-02 04:20:16', '2023-03-02 04:20:16'),
(811, 'GA-31', 9, 0, '2023-03-02 04:20:16', '2023-03-02 04:20:16'),
(812, 'GA-32', 9, 0, '2023-03-02 04:20:16', '2023-03-02 04:20:16'),
(813, 'GA-33', 9, 0, '2023-03-02 04:20:16', '2023-03-02 04:20:16'),
(814, 'GA-34', 9, 0, '2023-03-02 04:20:16', '2023-03-02 04:20:16'),
(815, 'GA-35', 9, 0, '2023-03-02 04:20:16', '2023-03-02 04:20:16'),
(816, 'GA-36', 9, 0, '2023-03-02 04:20:16', '2023-03-02 04:20:16'),
(817, 'GA-37', 9, 0, '2023-03-02 04:20:16', '2023-03-02 04:20:16'),
(818, 'GA-38', 9, 0, '2023-03-02 04:20:16', '2023-03-02 04:20:16'),
(819, 'GA-39', 9, 0, '2023-03-02 04:20:16', '2023-03-02 04:20:16'),
(820, 'GA-40', 9, 0, '2023-03-02 04:20:16', '2023-03-02 04:20:16'),
(821, 'GA-41', 9, 0, '2023-03-02 04:20:16', '2023-03-02 04:20:16'),
(822, 'GA-42', 9, 0, '2023-03-02 04:20:16', '2023-03-02 04:20:16'),
(823, 'GA-43', 9, 0, '2023-03-02 04:20:16', '2023-03-02 04:20:16'),
(824, 'GA-44', 9, 0, '2023-03-02 04:20:16', '2023-03-02 04:20:16'),
(825, 'GA-45', 9, 0, '2023-03-02 04:20:16', '2023-03-02 04:20:16'),
(826, 'GA-46', 9, 0, '2023-03-02 04:20:16', '2023-03-02 04:20:16'),
(827, 'GA-47', 9, 0, '2023-03-02 04:20:16', '2023-03-02 04:20:16'),
(828, 'GA-48', 9, 0, '2023-03-02 04:20:16', '2023-03-02 04:20:16'),
(829, 'GA-49', 9, 0, '2023-03-02 04:20:16', '2023-03-02 04:20:16'),
(830, 'GA-50', 9, 0, '2023-03-02 04:20:16', '2023-03-02 04:20:16'),
(831, 'GA-51', 9, 0, '2023-03-02 04:20:16', '2023-03-02 04:20:16'),
(832, 'GA-52', 9, 0, '2023-03-02 04:20:16', '2023-03-02 04:20:16'),
(833, 'GA-53', 9, 0, '2023-03-02 04:20:16', '2023-03-02 04:20:16'),
(834, 'GA-54', 9, 0, '2023-03-02 04:20:16', '2023-03-02 04:20:16'),
(835, 'GA-55', 9, 0, '2023-03-02 04:20:16', '2023-03-02 04:20:16'),
(836, 'GA-56', 9, 0, '2023-03-02 04:20:16', '2023-03-02 04:20:16'),
(837, 'GA-57', 9, 0, '2023-03-02 04:20:16', '2023-03-02 04:20:16'),
(838, 'GA-58', 9, 0, '2023-03-02 04:20:16', '2023-03-02 04:20:16'),
(839, 'GA-59', 9, 0, '2023-03-02 04:20:16', '2023-03-02 04:20:16'),
(840, 'GA-60', 9, 0, '2023-03-02 04:20:16', '2023-03-02 04:20:16'),
(841, 'GA-61', 9, 0, '2023-03-02 04:20:16', '2023-03-02 04:20:16'),
(842, 'GA-62', 9, 0, '2023-03-02 04:20:16', '2023-03-02 04:20:16'),
(843, 'GA-63', 9, 0, '2023-03-02 04:20:16', '2023-03-02 04:20:16'),
(844, 'GA-64', 9, 0, '2023-03-02 04:20:16', '2023-03-02 04:20:16'),
(845, 'GA-65', 9, 0, '2023-03-02 04:20:16', '2023-03-02 04:20:16'),
(846, 'GA-66', 9, 0, '2023-03-02 04:20:16', '2023-03-02 04:20:16'),
(847, 'GA-67', 9, 0, '2023-03-02 04:20:16', '2023-03-02 04:20:16'),
(848, 'GA-68', 9, 0, '2023-03-02 04:20:16', '2023-03-02 04:20:16'),
(849, 'GA-69', 9, 0, '2023-03-02 04:20:16', '2023-03-02 04:20:16'),
(850, 'GA-70', 9, 0, '2023-03-02 04:20:16', '2023-03-02 04:20:16'),
(851, 'GA-71', 9, 0, '2023-03-02 04:20:16', '2023-03-02 04:20:16'),
(852, 'GA-72', 9, 0, '2023-03-02 04:20:16', '2023-03-02 04:20:16'),
(853, 'GA-73', 9, 0, '2023-03-02 04:20:16', '2023-03-02 04:20:16'),
(854, 'GA-74', 9, 0, '2023-03-02 04:20:16', '2023-03-02 04:20:16'),
(855, 'GA-75', 9, 0, '2023-03-02 04:20:16', '2023-03-02 04:20:16'),
(856, 'GA-76', 9, 0, '2023-03-02 04:20:16', '2023-03-02 04:20:16'),
(857, 'GA-77', 9, 0, '2023-03-02 04:20:16', '2023-03-02 04:20:16'),
(858, 'GA-78', 9, 0, '2023-03-02 04:20:16', '2023-03-02 04:20:16'),
(859, 'GA-79', 9, 0, '2023-03-02 04:20:16', '2023-03-02 04:20:16'),
(860, 'GA-80', 9, 0, '2023-03-02 04:20:16', '2023-03-02 04:20:16'),
(861, 'GA-81', 9, 0, '2023-03-02 04:20:16', '2023-03-02 04:20:16'),
(862, 'GA-82', 9, 0, '2023-03-02 04:20:16', '2023-03-02 04:20:16'),
(863, 'GA-83', 9, 0, '2023-03-02 04:20:16', '2023-03-02 04:20:16'),
(864, 'GA-84', 9, 0, '2023-03-02 04:20:16', '2023-03-02 04:20:16'),
(865, 'GA-85', 9, 0, '2023-03-02 04:20:16', '2023-03-02 04:20:16'),
(866, 'GA-86', 9, 0, '2023-03-02 04:20:16', '2023-03-02 04:20:16'),
(867, 'GA-87', 9, 0, '2023-03-02 04:20:16', '2023-03-02 04:20:16'),
(868, 'GA-88', 9, 0, '2023-03-02 04:20:16', '2023-03-02 04:20:16'),
(869, 'GA-89', 9, 0, '2023-03-02 04:20:16', '2023-03-02 04:20:16'),
(870, 'GA-90', 9, 0, '2023-03-02 04:20:16', '2023-03-02 04:20:16'),
(871, 'GA-91', 9, 0, '2023-03-02 04:20:16', '2023-03-02 04:20:16'),
(872, 'GA-92', 9, 0, '2023-03-02 04:20:16', '2023-03-02 04:20:16'),
(873, 'GA-93', 9, 0, '2023-03-02 04:20:16', '2023-03-02 04:20:16'),
(874, 'GA-94', 9, 0, '2023-03-02 04:20:16', '2023-03-02 04:20:16'),
(875, 'GA-95', 9, 0, '2023-03-02 04:20:16', '2023-03-02 04:20:16'),
(876, 'GA-96', 9, 0, '2023-03-02 04:20:16', '2023-03-02 04:20:16'),
(877, 'GA-97', 9, 0, '2023-03-02 04:20:16', '2023-03-02 04:20:16'),
(878, 'GA-98', 9, 0, '2023-03-02 04:20:16', '2023-03-02 04:20:16'),
(879, 'GA-99', 9, 0, '2023-03-02 04:20:16', '2023-03-02 04:20:16'),
(880, 'GA-100', 9, 0, '2023-03-02 04:20:16', '2023-03-02 04:20:16'),
(881, 'GA-101', 9, 0, '2023-03-02 04:20:16', '2023-03-02 04:20:16'),
(882, 'GA-102', 9, 0, '2023-03-02 04:20:16', '2023-03-02 04:20:16'),
(883, 'GA-103', 9, 0, '2023-03-02 04:20:16', '2023-03-02 04:20:16'),
(884, 'GA-104', 9, 0, '2023-03-02 04:20:16', '2023-03-02 04:20:16'),
(885, 'GA-105', 9, 0, '2023-03-02 04:20:16', '2023-03-02 04:20:16'),
(886, 'KA-1', 10, 0, '2023-03-02 05:56:43', '2023-03-02 05:56:43'),
(887, 'KA-2', 10, 0, '2023-03-02 05:56:43', '2023-03-02 05:56:43'),
(888, 'KA-3', 10, 0, '2023-03-02 05:56:43', '2023-03-02 05:56:43'),
(889, 'KA-4', 10, 0, '2023-03-02 05:56:43', '2023-03-02 05:56:43'),
(890, 'KA-5', 10, 0, '2023-03-02 05:56:43', '2023-03-02 05:56:43'),
(891, 'KA-6', 10, 0, '2023-03-02 05:56:43', '2023-03-02 05:56:43'),
(892, 'KA-7', 10, 0, '2023-03-02 05:56:43', '2023-03-02 05:56:43'),
(893, 'KA-8', 10, 0, '2023-03-02 05:56:43', '2023-03-02 05:56:43'),
(894, 'KA-9', 10, 0, '2023-03-02 05:56:43', '2023-03-02 05:56:43'),
(895, 'KA-10', 10, 0, '2023-03-02 05:56:43', '2023-03-02 05:56:43'),
(896, 'KA-11', 10, 0, '2023-03-02 05:56:43', '2023-03-02 05:56:43'),
(897, 'KA-12', 10, 0, '2023-03-02 05:56:43', '2023-03-02 05:56:43'),
(898, 'KA-13', 10, 0, '2023-03-02 05:56:43', '2023-03-02 05:56:43'),
(899, 'KA-14', 10, 0, '2023-03-02 05:56:43', '2023-03-02 05:56:43'),
(900, 'KA-15', 10, 0, '2023-03-02 05:56:43', '2023-03-02 05:56:43'),
(901, 'KA-16', 10, 0, '2023-03-02 05:56:43', '2023-03-02 05:56:43'),
(902, 'KA-17', 10, 0, '2023-03-02 05:56:43', '2023-03-02 05:56:43'),
(903, 'KA-18', 10, 0, '2023-03-02 05:56:43', '2023-03-02 05:56:43'),
(904, 'KA-19', 10, 0, '2023-03-02 05:56:43', '2023-03-02 05:56:43'),
(905, 'KA-20', 10, 0, '2023-03-02 05:56:43', '2023-03-02 05:56:43'),
(906, 'KA-21', 10, 0, '2023-03-02 05:56:43', '2023-03-02 05:56:43'),
(907, 'KA-22', 10, 0, '2023-03-02 05:56:43', '2023-03-02 05:56:43'),
(908, 'KA-23', 10, 0, '2023-03-02 05:56:43', '2023-03-02 05:56:43'),
(909, 'KA-24', 10, 0, '2023-03-02 05:56:43', '2023-03-02 05:56:43'),
(910, 'KA-25', 10, 0, '2023-03-02 05:56:43', '2023-03-02 05:56:43'),
(911, 'KA-26', 10, 0, '2023-03-02 05:56:43', '2023-03-02 05:56:43'),
(912, 'KA-27', 10, 0, '2023-03-02 05:56:43', '2023-03-02 05:56:43'),
(913, 'KA-28', 10, 0, '2023-03-02 05:56:43', '2023-03-02 05:56:43'),
(914, 'KA-29', 10, 0, '2023-03-02 05:56:43', '2023-03-02 05:56:43'),
(915, 'KA-30', 10, 0, '2023-03-02 05:56:43', '2023-03-02 05:56:43'),
(916, 'KA-31', 10, 0, '2023-03-02 05:56:43', '2023-03-02 05:56:43'),
(917, 'KA-32', 10, 0, '2023-03-02 05:56:43', '2023-03-02 05:56:43'),
(918, 'KA-33', 10, 0, '2023-03-02 05:56:43', '2023-03-02 05:56:43'),
(919, 'KA-34', 10, 0, '2023-03-02 05:56:43', '2023-03-02 05:56:43'),
(920, 'KA-35', 10, 0, '2023-03-02 05:56:43', '2023-03-02 05:56:43'),
(921, 'KA-36', 10, 0, '2023-03-02 05:56:43', '2023-03-02 05:56:43'),
(922, 'KA-37', 10, 0, '2023-03-02 05:56:43', '2023-03-02 05:56:43'),
(923, 'KA-38', 10, 0, '2023-03-02 05:56:43', '2023-03-02 05:56:43'),
(924, 'KA-39', 10, 0, '2023-03-02 05:56:43', '2023-03-02 05:56:43'),
(925, 'KA-40', 10, 0, '2023-03-02 05:56:43', '2023-03-02 05:56:43'),
(926, 'KA-41', 10, 0, '2023-03-02 05:56:43', '2023-03-02 05:56:43'),
(927, 'KA-42', 10, 0, '2023-03-02 05:56:43', '2023-03-02 05:56:43'),
(928, 'KA-43', 10, 0, '2023-03-02 05:56:43', '2023-03-02 05:56:43'),
(929, 'KA-44', 10, 0, '2023-03-02 05:56:43', '2023-03-02 05:56:43'),
(930, 'KA-45', 10, 0, '2023-03-02 05:56:43', '2023-03-02 05:56:43'),
(931, 'KA-46', 10, 0, '2023-03-02 05:56:43', '2023-03-02 05:56:43'),
(932, 'KA-47', 10, 0, '2023-03-02 05:56:43', '2023-03-02 05:56:43'),
(933, 'KA-48', 10, 0, '2023-03-02 05:56:43', '2023-03-02 05:56:43'),
(934, 'KA-49', 10, 0, '2023-03-02 05:56:43', '2023-03-02 05:56:43'),
(935, 'KA-50', 10, 0, '2023-03-02 05:56:43', '2023-03-02 05:56:43'),
(936, 'KA-51', 10, 0, '2023-03-02 05:56:43', '2023-03-02 05:56:43'),
(937, 'KA-52', 10, 0, '2023-03-02 05:56:43', '2023-03-02 05:56:43'),
(938, 'KA-53', 10, 0, '2023-03-02 05:56:43', '2023-03-02 05:56:43'),
(939, 'KA-54', 10, 0, '2023-03-02 05:56:43', '2023-03-02 05:56:43'),
(940, 'KA-55', 10, 0, '2023-03-02 05:56:43', '2023-03-02 05:56:43'),
(941, 'KA-56', 10, 0, '2023-03-02 05:56:43', '2023-03-02 05:56:43'),
(942, 'KA-57', 10, 0, '2023-03-02 05:56:43', '2023-03-02 05:56:43'),
(943, 'KA-58', 10, 0, '2023-03-02 05:56:43', '2023-03-02 05:56:43'),
(944, 'KA-59', 10, 0, '2023-03-02 05:56:43', '2023-03-02 05:56:43'),
(945, 'KA-60', 10, 0, '2023-03-02 05:56:43', '2023-03-02 05:56:43'),
(946, 'KA-61', 10, 0, '2023-03-02 05:56:43', '2023-03-02 05:56:43'),
(947, 'KA-62', 10, 0, '2023-03-02 05:56:43', '2023-03-02 05:56:43'),
(948, 'KA-63', 10, 0, '2023-03-02 05:56:43', '2023-03-02 05:56:43'),
(949, 'KA-64', 10, 0, '2023-03-02 05:56:43', '2023-03-02 05:56:43'),
(950, 'KA-65', 10, 0, '2023-03-02 05:56:43', '2023-03-02 05:56:43'),
(951, 'KA-66', 10, 0, '2023-03-02 05:56:43', '2023-03-02 05:56:43'),
(952, 'KA-67', 10, 0, '2023-03-02 05:56:43', '2023-03-02 05:56:43'),
(953, 'KA-68', 10, 0, '2023-03-02 05:56:43', '2023-03-02 05:56:43'),
(954, 'KA-69', 10, 0, '2023-03-02 05:56:43', '2023-03-02 05:56:43'),
(955, 'KA-70', 10, 0, '2023-03-02 05:56:43', '2023-03-02 05:56:43'),
(956, 'KA-71', 10, 0, '2023-03-02 05:56:43', '2023-03-02 05:56:43'),
(957, 'KA-72', 10, 0, '2023-03-02 05:56:43', '2023-03-02 05:56:43'),
(958, 'KA-73', 10, 0, '2023-03-02 05:56:43', '2023-03-02 05:56:43'),
(959, 'KA-74', 10, 0, '2023-03-02 05:56:43', '2023-03-02 05:56:43'),
(960, 'KA-75', 10, 0, '2023-03-02 05:56:43', '2023-03-02 05:56:43'),
(961, 'KA-76', 10, 0, '2023-03-02 05:56:43', '2023-03-02 05:56:43'),
(962, 'KA-77', 10, 0, '2023-03-02 05:56:43', '2023-03-02 05:56:43'),
(963, 'KA-78', 10, 0, '2023-03-02 05:56:43', '2023-03-02 05:56:43'),
(964, 'KA-79', 10, 0, '2023-03-02 05:56:43', '2023-03-02 05:56:43'),
(965, 'KA-80', 10, 0, '2023-03-02 05:56:43', '2023-03-02 05:56:43'),
(966, 'KA-81', 10, 0, '2023-03-02 05:56:43', '2023-03-02 05:56:43'),
(967, 'KA-82', 10, 0, '2023-03-02 05:56:43', '2023-03-02 05:56:43'),
(968, 'KA-83', 10, 0, '2023-03-02 05:56:43', '2023-03-02 05:56:43'),
(969, 'KA-84', 10, 0, '2023-03-02 05:56:43', '2023-03-02 05:56:43'),
(970, 'KA-85', 10, 0, '2023-03-02 05:56:43', '2023-03-02 05:56:43'),
(971, 'KA-86', 10, 0, '2023-03-02 05:56:43', '2023-03-02 05:56:43'),
(972, 'KA-87', 10, 0, '2023-03-02 05:56:43', '2023-03-02 05:56:43'),
(973, 'KA-88', 10, 0, '2023-03-02 05:56:43', '2023-03-02 05:56:43'),
(974, 'KA-89', 10, 0, '2023-03-02 05:56:43', '2023-03-02 05:56:43'),
(975, 'KA-90', 10, 0, '2023-03-02 05:56:43', '2023-03-02 05:56:43'),
(976, 'KA-91', 10, 0, '2023-03-02 05:56:43', '2023-03-02 05:56:43'),
(977, 'KA-92', 10, 0, '2023-03-02 05:56:43', '2023-03-02 05:56:43'),
(978, 'KA-93', 10, 0, '2023-03-02 05:56:43', '2023-03-02 05:56:43'),
(979, 'KA-94', 10, 0, '2023-03-02 05:56:43', '2023-03-02 05:56:43'),
(980, 'KA-95', 10, 0, '2023-03-02 05:56:43', '2023-03-02 05:56:43'),
(981, 'KA-96', 10, 0, '2023-03-02 05:56:43', '2023-03-02 05:56:43'),
(982, 'KA-97', 10, 0, '2023-03-02 05:56:43', '2023-03-02 05:56:43'),
(983, 'KA-98', 10, 0, '2023-03-02 05:56:43', '2023-03-02 05:56:43'),
(984, 'KA-99', 10, 0, '2023-03-02 05:56:43', '2023-03-02 05:56:43'),
(985, 'KA-100', 10, 0, '2023-03-02 05:56:43', '2023-03-02 05:56:43'),
(986, 'KA-101', 10, 0, '2023-03-02 05:56:43', '2023-03-02 05:56:43'),
(987, 'KA-102', 10, 0, '2023-03-02 05:56:43', '2023-03-02 05:56:43'),
(988, 'KA-103', 10, 0, '2023-03-02 05:56:43', '2023-03-02 05:56:43'),
(989, 'KA-104', 10, 0, '2023-03-02 05:56:43', '2023-03-02 05:56:43'),
(990, 'KA-105', 10, 0, '2023-03-02 05:56:43', '2023-03-02 05:56:43'),
(991, 'KHA-1', 11, 0, '2023-03-02 05:56:43', '2023-03-02 05:56:43'),
(992, 'KHA-2', 11, 0, '2023-03-02 05:56:43', '2023-03-02 05:56:43'),
(993, 'KHA-3', 11, 0, '2023-03-02 05:56:43', '2023-03-02 05:56:43'),
(994, 'KHA-4', 11, 0, '2023-03-02 05:56:43', '2023-03-02 05:56:43'),
(995, 'KHA-5', 11, 0, '2023-03-02 05:56:43', '2023-03-02 05:56:43'),
(996, 'KHA-6', 11, 0, '2023-03-02 05:56:43', '2023-03-02 05:56:43'),
(997, 'KHA-7', 11, 0, '2023-03-02 05:56:43', '2023-03-02 05:56:43'),
(998, 'KHA-8', 11, 0, '2023-03-02 05:56:43', '2023-03-02 05:56:43'),
(999, 'KHA-9', 11, 0, '2023-03-02 05:56:43', '2023-03-02 05:56:43'),
(1000, 'KHA-10', 11, 0, '2023-03-02 05:56:43', '2023-03-02 05:56:43'),
(1001, 'KHA-11', 11, 0, '2023-03-02 05:56:43', '2023-03-02 05:56:43'),
(1002, 'KHA-12', 11, 0, '2023-03-02 05:56:43', '2023-03-02 05:56:43'),
(1003, 'KHA-13', 11, 0, '2023-03-02 05:56:43', '2023-03-02 05:56:43'),
(1004, 'KHA-14', 11, 0, '2023-03-02 05:56:43', '2023-03-02 05:56:43'),
(1005, 'KHA-15', 11, 0, '2023-03-02 05:56:43', '2023-03-02 05:56:43'),
(1006, 'KHA-16', 11, 0, '2023-03-02 05:56:43', '2023-03-02 05:56:43'),
(1007, 'KHA-17', 11, 0, '2023-03-02 05:56:43', '2023-03-02 05:56:43'),
(1008, 'KHA-18', 11, 0, '2023-03-02 05:56:43', '2023-03-02 05:56:43'),
(1009, 'KHA-19', 11, 0, '2023-03-02 05:56:43', '2023-03-02 05:56:43'),
(1010, 'KHA-20', 11, 0, '2023-03-02 05:56:43', '2023-03-02 05:56:43'),
(1011, 'KHA-21', 11, 0, '2023-03-02 05:56:43', '2023-03-02 05:56:43'),
(1012, 'KHA-22', 11, 0, '2023-03-02 05:56:43', '2023-03-02 05:56:43'),
(1013, 'KHA-23', 11, 0, '2023-03-02 05:56:43', '2023-03-02 05:56:43'),
(1014, 'KHA-24', 11, 0, '2023-03-02 05:56:43', '2023-03-02 05:56:43'),
(1015, 'KHA-25', 11, 0, '2023-03-02 05:56:43', '2023-03-02 05:56:43'),
(1016, 'KHA-26', 11, 0, '2023-03-02 05:56:43', '2023-03-02 05:56:43'),
(1017, 'KHA-27', 11, 0, '2023-03-02 05:56:43', '2023-03-02 05:56:43'),
(1018, 'KHA-28', 11, 0, '2023-03-02 05:56:43', '2023-03-02 05:56:43'),
(1019, 'KHA-29', 11, 0, '2023-03-02 05:56:43', '2023-03-02 05:56:43'),
(1020, 'KHA-30', 11, 0, '2023-03-02 05:56:43', '2023-03-02 05:56:43'),
(1021, 'KHA-31', 11, 0, '2023-03-02 05:56:43', '2023-03-02 05:56:43'),
(1022, 'KHA-32', 11, 0, '2023-03-02 05:56:43', '2023-03-02 05:56:43'),
(1023, 'KHA-33', 11, 0, '2023-03-02 05:56:43', '2023-03-02 05:56:43'),
(1024, 'KHA-34', 11, 0, '2023-03-02 05:56:43', '2023-03-02 05:56:43'),
(1025, 'KHA-35', 11, 0, '2023-03-02 05:56:43', '2023-03-02 05:56:43'),
(1026, 'KHA-36', 11, 0, '2023-03-02 05:56:43', '2023-03-02 05:56:43'),
(1027, 'KHA-37', 11, 0, '2023-03-02 05:56:43', '2023-03-02 05:56:43'),
(1028, 'KHA-38', 11, 0, '2023-03-02 05:56:43', '2023-03-02 05:56:43'),
(1029, 'KHA-39', 11, 0, '2023-03-02 05:56:43', '2023-03-02 05:56:43'),
(1030, 'KHA-40', 11, 0, '2023-03-02 05:56:43', '2023-03-02 05:56:43'),
(1031, 'KHA-41', 11, 0, '2023-03-02 05:56:43', '2023-03-02 05:56:43'),
(1032, 'KHA-42', 11, 0, '2023-03-02 05:56:43', '2023-03-02 05:56:43'),
(1033, 'KHA-43', 11, 0, '2023-03-02 05:56:43', '2023-03-02 05:56:43'),
(1034, 'KHA-44', 11, 0, '2023-03-02 05:56:43', '2023-03-02 05:56:43'),
(1035, 'KHA-45', 11, 0, '2023-03-02 05:56:43', '2023-03-02 05:56:43'),
(1036, 'KHA-46', 11, 0, '2023-03-02 05:56:43', '2023-03-02 05:56:43'),
(1037, 'KHA-47', 11, 0, '2023-03-02 05:56:43', '2023-03-02 05:56:43'),
(1038, 'KHA-48', 11, 0, '2023-03-02 05:56:43', '2023-03-02 05:56:43'),
(1039, 'KHA-49', 11, 0, '2023-03-02 05:56:43', '2023-03-02 05:56:43'),
(1040, 'KHA-50', 11, 0, '2023-03-02 05:56:43', '2023-03-02 05:56:43'),
(1041, 'KHA-51', 11, 0, '2023-03-02 05:56:43', '2023-03-02 05:56:43'),
(1042, 'KHA-52', 11, 0, '2023-03-02 05:56:43', '2023-03-02 05:56:43'),
(1043, 'KHA-53', 11, 0, '2023-03-02 05:56:43', '2023-03-02 05:56:43'),
(1044, 'KHA-54', 11, 0, '2023-03-02 05:56:43', '2023-03-02 05:56:43'),
(1045, 'KHA-55', 11, 0, '2023-03-02 05:56:43', '2023-03-02 05:56:43'),
(1046, 'KHA-56', 11, 0, '2023-03-02 05:56:43', '2023-03-02 05:56:43'),
(1047, 'KHA-57', 11, 0, '2023-03-02 05:56:43', '2023-03-02 05:56:43'),
(1048, 'KHA-58', 11, 0, '2023-03-02 05:56:43', '2023-03-02 05:56:43'),
(1049, 'KHA-59', 11, 0, '2023-03-02 05:56:43', '2023-03-02 05:56:43'),
(1050, 'KHA-60', 11, 0, '2023-03-02 05:56:43', '2023-03-02 05:56:43'),
(1051, 'KHA-61', 11, 0, '2023-03-02 05:56:43', '2023-03-02 05:56:43'),
(1052, 'KHA-62', 11, 0, '2023-03-02 05:56:43', '2023-03-02 05:56:43'),
(1053, 'KHA-63', 11, 0, '2023-03-02 05:56:43', '2023-03-02 05:56:43'),
(1054, 'KHA-64', 11, 0, '2023-03-02 05:56:43', '2023-03-02 05:56:43'),
(1055, 'KHA-65', 11, 0, '2023-03-02 05:56:43', '2023-03-02 05:56:43'),
(1056, 'KHA-66', 11, 0, '2023-03-02 05:56:43', '2023-03-02 05:56:43'),
(1057, 'KHA-67', 11, 0, '2023-03-02 05:56:43', '2023-03-02 05:56:43'),
(1058, 'KHA-68', 11, 0, '2023-03-02 05:56:43', '2023-03-02 05:56:43'),
(1059, 'KHA-69', 11, 0, '2023-03-02 05:56:43', '2023-03-02 05:56:43'),
(1060, 'KHA-70', 11, 0, '2023-03-02 05:56:43', '2023-03-02 05:56:43'),
(1061, 'KHA-71', 11, 0, '2023-03-02 05:56:43', '2023-03-02 05:56:43'),
(1062, 'KHA-72', 11, 0, '2023-03-02 05:56:43', '2023-03-02 05:56:43'),
(1063, 'KHA-73', 11, 0, '2023-03-02 05:56:43', '2023-03-02 05:56:43'),
(1064, 'KHA-74', 11, 0, '2023-03-02 05:56:43', '2023-03-02 05:56:43'),
(1065, 'KHA-75', 11, 0, '2023-03-02 05:56:43', '2023-03-02 05:56:43'),
(1066, 'KA-1', 12, 0, '2023-03-02 05:58:43', '2023-03-02 05:58:43'),
(1067, 'KA-2', 12, 0, '2023-03-02 05:58:43', '2023-03-02 05:58:43'),
(1068, 'KA-3', 12, 0, '2023-03-02 05:58:43', '2023-03-02 05:58:43'),
(1069, 'KA-4', 12, 0, '2023-03-02 05:58:43', '2023-03-02 05:58:43'),
(1070, 'KA-5', 12, 0, '2023-03-02 05:58:43', '2023-03-02 05:58:43'),
(1071, 'KA-6', 12, 0, '2023-03-02 05:58:43', '2023-03-02 05:58:43'),
(1072, 'KA-7', 12, 0, '2023-03-02 05:58:43', '2023-03-02 05:58:43'),
(1073, 'KA-8', 12, 0, '2023-03-02 05:58:43', '2023-03-02 05:58:43'),
(1074, 'KA-9', 12, 0, '2023-03-02 05:58:43', '2023-03-02 05:58:43'),
(1075, 'KA-10', 12, 0, '2023-03-02 05:58:43', '2023-03-02 05:58:43'),
(1076, 'KA-11', 12, 0, '2023-03-02 05:58:43', '2023-03-02 05:58:43'),
(1077, 'KA-12', 12, 0, '2023-03-02 05:58:43', '2023-03-02 05:58:43'),
(1078, 'KA-13', 12, 0, '2023-03-02 05:58:43', '2023-03-02 05:58:43'),
(1079, 'KA-14', 12, 0, '2023-03-02 05:58:43', '2023-03-02 05:58:43'),
(1080, 'KA-15', 12, 0, '2023-03-02 05:58:43', '2023-03-02 05:58:43'),
(1081, 'KA-16', 12, 0, '2023-03-02 05:58:43', '2023-03-02 05:58:43'),
(1082, 'KA-17', 12, 0, '2023-03-02 05:58:43', '2023-03-02 05:58:43'),
(1083, 'KA-18', 12, 0, '2023-03-02 05:58:43', '2023-03-02 05:58:43'),
(1084, 'KA-19', 12, 0, '2023-03-02 05:58:43', '2023-03-02 05:58:43'),
(1085, 'KA-20', 12, 0, '2023-03-02 05:58:43', '2023-03-02 05:58:43'),
(1086, 'KA-21', 12, 0, '2023-03-02 05:58:43', '2023-03-02 05:58:43'),
(1087, 'KA-22', 12, 0, '2023-03-02 05:58:43', '2023-03-02 05:58:43'),
(1088, 'KA-23', 12, 0, '2023-03-02 05:58:43', '2023-03-02 05:58:43'),
(1089, 'KA-24', 12, 0, '2023-03-02 05:58:43', '2023-03-02 05:58:43'),
(1090, 'KA-25', 12, 0, '2023-03-02 05:58:43', '2023-03-02 05:58:43'),
(1091, 'KA-26', 12, 0, '2023-03-02 05:58:43', '2023-03-02 05:58:43'),
(1092, 'KA-27', 12, 0, '2023-03-02 05:58:43', '2023-03-02 05:58:43'),
(1093, 'KA-28', 12, 0, '2023-03-02 05:58:43', '2023-03-02 05:58:43'),
(1094, 'KA-29', 12, 0, '2023-03-02 05:58:43', '2023-03-02 05:58:43'),
(1095, 'KA-30', 12, 0, '2023-03-02 05:58:43', '2023-03-02 05:58:43'),
(1096, 'KA-31', 12, 0, '2023-03-02 05:58:43', '2023-03-02 05:58:43'),
(1097, 'KA-32', 12, 0, '2023-03-02 05:58:43', '2023-03-02 05:58:43'),
(1098, 'KA-33', 12, 0, '2023-03-02 05:58:43', '2023-03-02 05:58:43'),
(1099, 'KA-34', 12, 0, '2023-03-02 05:58:43', '2023-03-02 05:58:43'),
(1100, 'KA-35', 12, 0, '2023-03-02 05:58:43', '2023-03-02 05:58:43'),
(1101, 'KA-36', 12, 0, '2023-03-02 05:58:43', '2023-03-02 05:58:43'),
(1102, 'KA-37', 12, 0, '2023-03-02 05:58:43', '2023-03-02 05:58:43'),
(1103, 'KA-38', 12, 0, '2023-03-02 05:58:43', '2023-03-02 05:58:43'),
(1104, 'KA-39', 12, 0, '2023-03-02 05:58:43', '2023-03-02 05:58:43'),
(1105, 'KA-40', 12, 0, '2023-03-02 05:58:43', '2023-03-02 05:58:43'),
(1106, 'KA-41', 12, 0, '2023-03-02 05:58:43', '2023-03-02 05:58:43'),
(1107, 'KA-42', 12, 0, '2023-03-02 05:58:43', '2023-03-02 05:58:43'),
(1108, 'KA-43', 12, 0, '2023-03-02 05:58:43', '2023-03-02 05:58:43'),
(1109, 'KA-44', 12, 0, '2023-03-02 05:58:43', '2023-03-02 05:58:43'),
(1110, 'KA-45', 12, 0, '2023-03-02 05:58:43', '2023-03-02 05:58:43'),
(1111, 'KA-46', 12, 0, '2023-03-02 05:58:43', '2023-03-02 05:58:43'),
(1112, 'KA-47', 12, 0, '2023-03-02 05:58:43', '2023-03-02 05:58:43'),
(1113, 'KA-48', 12, 0, '2023-03-02 05:58:43', '2023-03-02 05:58:43'),
(1114, 'KA-49', 12, 0, '2023-03-02 05:58:43', '2023-03-02 05:58:43'),
(1115, 'KA-50', 12, 0, '2023-03-02 05:58:43', '2023-03-02 05:58:43'),
(1116, 'KA-51', 12, 0, '2023-03-02 05:58:43', '2023-03-02 05:58:43'),
(1117, 'KA-52', 12, 0, '2023-03-02 05:58:43', '2023-03-02 05:58:43'),
(1118, 'KA-53', 12, 0, '2023-03-02 05:58:43', '2023-03-02 05:58:43'),
(1119, 'KA-54', 12, 0, '2023-03-02 05:58:43', '2023-03-02 05:58:43'),
(1120, 'KA-55', 12, 0, '2023-03-02 05:58:43', '2023-03-02 05:58:43'),
(1121, 'KA-56', 12, 0, '2023-03-02 05:58:43', '2023-03-02 05:58:43'),
(1122, 'KA-57', 12, 0, '2023-03-02 05:58:43', '2023-03-02 05:58:43'),
(1123, 'KA-58', 12, 0, '2023-03-02 05:58:43', '2023-03-02 05:58:43'),
(1124, 'KA-59', 12, 0, '2023-03-02 05:58:43', '2023-03-02 05:58:43'),
(1125, 'KA-60', 12, 0, '2023-03-02 05:58:43', '2023-03-02 05:58:43'),
(1126, 'KA-61', 12, 0, '2023-03-02 05:58:43', '2023-03-02 05:58:43'),
(1127, 'KA-62', 12, 0, '2023-03-02 05:58:43', '2023-03-02 05:58:43'),
(1128, 'KA-63', 12, 0, '2023-03-02 05:58:43', '2023-03-02 05:58:43'),
(1129, 'KA-64', 12, 0, '2023-03-02 05:58:43', '2023-03-02 05:58:43'),
(1130, 'KA-65', 12, 0, '2023-03-02 05:58:43', '2023-03-02 05:58:43'),
(1131, 'KA-66', 12, 0, '2023-03-02 05:58:43', '2023-03-02 05:58:43'),
(1132, 'KA-67', 12, 0, '2023-03-02 05:58:43', '2023-03-02 05:58:43'),
(1133, 'KA-68', 12, 0, '2023-03-02 05:58:43', '2023-03-02 05:58:43'),
(1134, 'KA-69', 12, 0, '2023-03-02 05:58:44', '2023-03-02 05:58:44'),
(1135, 'KA-70', 12, 0, '2023-03-02 05:58:44', '2023-03-02 05:58:44'),
(1136, 'KA-71', 12, 0, '2023-03-02 05:58:44', '2023-03-02 05:58:44'),
(1137, 'KA-72', 12, 0, '2023-03-02 05:58:44', '2023-03-02 05:58:44'),
(1138, 'KA-73', 12, 0, '2023-03-02 05:58:44', '2023-03-02 05:58:44'),
(1139, 'KA-74', 12, 0, '2023-03-02 05:58:44', '2023-03-02 05:58:44'),
(1140, 'KA-75', 12, 0, '2023-03-02 05:58:44', '2023-03-02 05:58:44'),
(1141, 'KHA-1', 13, 0, '2023-03-02 05:58:44', '2023-03-02 05:58:44'),
(1142, 'KHA-2', 13, 0, '2023-03-02 05:58:44', '2023-03-02 05:58:44'),
(1143, 'KHA-3', 13, 0, '2023-03-02 05:58:44', '2023-03-02 05:58:44'),
(1144, 'KHA-4', 13, 0, '2023-03-02 05:58:44', '2023-03-02 05:58:44'),
(1145, 'KHA-5', 13, 0, '2023-03-02 05:58:44', '2023-03-02 05:58:44'),
(1146, 'KHA-6', 13, 0, '2023-03-02 05:58:44', '2023-03-02 05:58:44'),
(1147, 'KHA-7', 13, 0, '2023-03-02 05:58:44', '2023-03-02 05:58:44'),
(1148, 'KHA-8', 13, 0, '2023-03-02 05:58:44', '2023-03-02 05:58:44'),
(1149, 'KHA-9', 13, 0, '2023-03-02 05:58:44', '2023-03-02 05:58:44'),
(1150, 'KHA-10', 13, 0, '2023-03-02 05:58:44', '2023-03-02 05:58:44'),
(1151, 'KHA-11', 13, 0, '2023-03-02 05:58:44', '2023-03-02 05:58:44'),
(1152, 'KHA-12', 13, 0, '2023-03-02 05:58:44', '2023-03-02 05:58:44'),
(1153, 'KHA-13', 13, 0, '2023-03-02 05:58:44', '2023-03-02 05:58:44'),
(1154, 'KHA-14', 13, 0, '2023-03-02 05:58:44', '2023-03-02 05:58:44'),
(1155, 'KHA-15', 13, 0, '2023-03-02 05:58:44', '2023-03-02 05:58:44'),
(1156, 'KHA-16', 13, 0, '2023-03-02 05:58:44', '2023-03-02 05:58:44'),
(1157, 'KHA-17', 13, 0, '2023-03-02 05:58:44', '2023-03-02 05:58:44'),
(1158, 'KHA-18', 13, 0, '2023-03-02 05:58:44', '2023-03-02 05:58:44'),
(1159, 'KHA-19', 13, 0, '2023-03-02 05:58:44', '2023-03-02 05:58:44'),
(1160, 'KHA-20', 13, 0, '2023-03-02 05:58:44', '2023-03-02 05:58:44'),
(1161, 'KHA-21', 13, 0, '2023-03-02 05:58:44', '2023-03-02 05:58:44'),
(1162, 'KHA-22', 13, 0, '2023-03-02 05:58:44', '2023-03-02 05:58:44'),
(1163, 'KHA-23', 13, 0, '2023-03-02 05:58:44', '2023-03-02 05:58:44'),
(1164, 'KHA-24', 13, 0, '2023-03-02 05:58:44', '2023-03-02 05:58:44'),
(1165, 'KHA-25', 13, 0, '2023-03-02 05:58:44', '2023-03-02 05:58:44');
INSERT INTO `seats` (`id`, `seat_name`, `bogi_id`, `booked`, `created_at`, `updated_at`) VALUES
(1166, 'KHA-26', 13, 0, '2023-03-02 05:58:44', '2023-03-02 05:58:44'),
(1167, 'KHA-27', 13, 0, '2023-03-02 05:58:44', '2023-03-02 05:58:44'),
(1168, 'KHA-28', 13, 0, '2023-03-02 05:58:44', '2023-03-02 05:58:44'),
(1169, 'KHA-29', 13, 0, '2023-03-02 05:58:44', '2023-03-02 05:58:44'),
(1170, 'KHA-30', 13, 0, '2023-03-02 05:58:44', '2023-03-02 05:58:44'),
(1171, 'KHA-31', 13, 0, '2023-03-02 05:58:44', '2023-03-02 05:58:44'),
(1172, 'KHA-32', 13, 0, '2023-03-02 05:58:44', '2023-03-02 05:58:44'),
(1173, 'KHA-33', 13, 0, '2023-03-02 05:58:44', '2023-03-02 05:58:44'),
(1174, 'KHA-34', 13, 0, '2023-03-02 05:58:44', '2023-03-02 05:58:44'),
(1175, 'KHA-35', 13, 0, '2023-03-02 05:58:44', '2023-03-02 05:58:44'),
(1176, 'KHA-36', 13, 0, '2023-03-02 05:58:44', '2023-03-02 05:58:44'),
(1177, 'KHA-37', 13, 0, '2023-03-02 05:58:44', '2023-03-02 05:58:44'),
(1178, 'KHA-38', 13, 0, '2023-03-02 05:58:44', '2023-03-02 05:58:44'),
(1179, 'KHA-39', 13, 0, '2023-03-02 05:58:44', '2023-03-02 05:58:44'),
(1180, 'KHA-40', 13, 0, '2023-03-02 05:58:44', '2023-03-02 05:58:44'),
(1181, 'KHA-41', 13, 0, '2023-03-02 05:58:44', '2023-03-02 05:58:44'),
(1182, 'KHA-42', 13, 0, '2023-03-02 05:58:44', '2023-03-02 05:58:44'),
(1183, 'KHA-43', 13, 0, '2023-03-02 05:58:44', '2023-03-02 05:58:44'),
(1184, 'KHA-44', 13, 0, '2023-03-02 05:58:44', '2023-03-02 05:58:44'),
(1185, 'KHA-45', 13, 0, '2023-03-02 05:58:44', '2023-03-02 05:58:44'),
(1186, 'KHA-46', 13, 0, '2023-03-02 05:58:44', '2023-03-02 05:58:44'),
(1187, 'KHA-47', 13, 0, '2023-03-02 05:58:44', '2023-03-02 05:58:44'),
(1188, 'KHA-48', 13, 0, '2023-03-02 05:58:44', '2023-03-02 05:58:44'),
(1189, 'KHA-49', 13, 0, '2023-03-02 05:58:44', '2023-03-02 05:58:44'),
(1190, 'KHA-50', 13, 0, '2023-03-02 05:58:44', '2023-03-02 05:58:44'),
(1191, 'KHA-51', 13, 0, '2023-03-02 05:58:44', '2023-03-02 05:58:44'),
(1192, 'KHA-52', 13, 0, '2023-03-02 05:58:44', '2023-03-02 05:58:44'),
(1193, 'KHA-53', 13, 0, '2023-03-02 05:58:44', '2023-03-02 05:58:44'),
(1194, 'KHA-54', 13, 0, '2023-03-02 05:58:44', '2023-03-02 05:58:44'),
(1195, 'KHA-55', 13, 0, '2023-03-02 05:58:44', '2023-03-02 05:58:44'),
(1196, 'KHA-56', 13, 0, '2023-03-02 05:58:44', '2023-03-02 05:58:44'),
(1197, 'KHA-57', 13, 0, '2023-03-02 05:58:44', '2023-03-02 05:58:44'),
(1198, 'KHA-58', 13, 0, '2023-03-02 05:58:44', '2023-03-02 05:58:44'),
(1199, 'KHA-59', 13, 0, '2023-03-02 05:58:44', '2023-03-02 05:58:44'),
(1200, 'KHA-60', 13, 0, '2023-03-02 05:58:44', '2023-03-02 05:58:44'),
(1201, 'KHA-61', 13, 0, '2023-03-02 05:58:44', '2023-03-02 05:58:44'),
(1202, 'KHA-62', 13, 0, '2023-03-02 05:58:44', '2023-03-02 05:58:44'),
(1203, 'KHA-63', 13, 0, '2023-03-02 05:58:44', '2023-03-02 05:58:44'),
(1204, 'KHA-64', 13, 0, '2023-03-02 05:58:44', '2023-03-02 05:58:44'),
(1205, 'KHA-65', 13, 0, '2023-03-02 05:58:44', '2023-03-02 05:58:44'),
(1206, 'KHA-66', 13, 0, '2023-03-02 05:58:44', '2023-03-02 05:58:44'),
(1207, 'KHA-67', 13, 0, '2023-03-02 05:58:44', '2023-03-02 05:58:44'),
(1208, 'KHA-68', 13, 0, '2023-03-02 05:58:44', '2023-03-02 05:58:44'),
(1209, 'KHA-69', 13, 0, '2023-03-02 05:58:44', '2023-03-02 05:58:44'),
(1210, 'KHA-70', 13, 0, '2023-03-02 05:58:44', '2023-03-02 05:58:44'),
(1211, 'KHA-71', 13, 0, '2023-03-02 05:58:44', '2023-03-02 05:58:44'),
(1212, 'KHA-72', 13, 0, '2023-03-02 05:58:44', '2023-03-02 05:58:44'),
(1213, 'KHA-73', 13, 0, '2023-03-02 05:58:44', '2023-03-02 05:58:44'),
(1214, 'KHA-74', 13, 0, '2023-03-02 05:58:44', '2023-03-02 05:58:44'),
(1215, 'KHA-75', 13, 0, '2023-03-02 05:58:44', '2023-03-02 05:58:44'),
(1216, 'KHA-76', 13, 0, '2023-03-02 05:58:44', '2023-03-02 05:58:44'),
(1217, 'KHA-77', 13, 0, '2023-03-02 05:58:44', '2023-03-02 05:58:44'),
(1218, 'KHA-78', 13, 0, '2023-03-02 05:58:44', '2023-03-02 05:58:44'),
(1219, 'KHA-79', 13, 0, '2023-03-02 05:58:44', '2023-03-02 05:58:44'),
(1220, 'KHA-80', 13, 0, '2023-03-02 05:58:44', '2023-03-02 05:58:44'),
(1221, 'KHA-81', 13, 0, '2023-03-02 05:58:44', '2023-03-02 05:58:44'),
(1222, 'KHA-82', 13, 0, '2023-03-02 05:58:44', '2023-03-02 05:58:44'),
(1223, 'KHA-83', 13, 0, '2023-03-02 05:58:44', '2023-03-02 05:58:44'),
(1224, 'KHA-84', 13, 0, '2023-03-02 05:58:44', '2023-03-02 05:58:44'),
(1225, 'KHA-85', 13, 0, '2023-03-02 05:58:44', '2023-03-02 05:58:44'),
(1226, 'KHA-86', 13, 0, '2023-03-02 05:58:44', '2023-03-02 05:58:44'),
(1227, 'KHA-87', 13, 0, '2023-03-02 05:58:44', '2023-03-02 05:58:44'),
(1228, 'KHA-88', 13, 0, '2023-03-02 05:58:44', '2023-03-02 05:58:44'),
(1229, 'KHA-89', 13, 0, '2023-03-02 05:58:44', '2023-03-02 05:58:44'),
(1230, 'KHA-90', 13, 0, '2023-03-02 05:58:44', '2023-03-02 05:58:44'),
(1231, 'KHA-91', 13, 0, '2023-03-02 05:58:44', '2023-03-02 05:58:44'),
(1232, 'KHA-92', 13, 0, '2023-03-02 05:58:44', '2023-03-02 05:58:44'),
(1233, 'KHA-93', 13, 0, '2023-03-02 05:58:44', '2023-03-02 05:58:44'),
(1234, 'KHA-94', 13, 0, '2023-03-02 05:58:44', '2023-03-02 05:58:44'),
(1235, 'KHA-95', 13, 0, '2023-03-02 05:58:44', '2023-03-02 05:58:44'),
(1236, 'KHA-96', 13, 0, '2023-03-02 05:58:44', '2023-03-02 05:58:44'),
(1237, 'KHA-97', 13, 0, '2023-03-02 05:58:44', '2023-03-02 05:58:44'),
(1238, 'KHA-98', 13, 0, '2023-03-02 05:58:44', '2023-03-02 05:58:44'),
(1239, 'KHA-99', 13, 0, '2023-03-02 05:58:44', '2023-03-02 05:58:44'),
(1240, 'KHA-100', 13, 0, '2023-03-02 05:58:44', '2023-03-02 05:58:44'),
(1241, 'KHA-101', 13, 0, '2023-03-02 05:58:44', '2023-03-02 05:58:44'),
(1242, 'KHA-102', 13, 0, '2023-03-02 05:58:44', '2023-03-02 05:58:44'),
(1243, 'KHA-103', 13, 0, '2023-03-02 05:58:44', '2023-03-02 05:58:44'),
(1244, 'KHA-104', 13, 0, '2023-03-02 05:58:44', '2023-03-02 05:58:44'),
(1245, 'KHA-105', 13, 0, '2023-03-02 05:58:44', '2023-03-02 05:58:44'),
(1246, 'KA-1', 14, 0, '2023-03-02 06:01:38', '2023-03-02 06:01:38'),
(1247, 'KA-2', 14, 0, '2023-03-02 06:01:38', '2023-03-02 06:01:38'),
(1248, 'KA-3', 14, 0, '2023-03-02 06:01:38', '2023-03-02 06:01:38'),
(1249, 'KA-4', 14, 0, '2023-03-02 06:01:38', '2023-03-02 06:01:38'),
(1250, 'KA-5', 14, 0, '2023-03-02 06:01:38', '2023-03-02 06:01:38'),
(1251, 'KA-6', 14, 0, '2023-03-02 06:01:38', '2023-03-02 06:01:38'),
(1252, 'KA-7', 14, 0, '2023-03-02 06:01:38', '2023-03-02 06:01:38'),
(1253, 'KA-8', 14, 0, '2023-03-02 06:01:38', '2023-03-02 06:01:38'),
(1254, 'KA-9', 14, 0, '2023-03-02 06:01:38', '2023-03-02 06:01:38'),
(1255, 'KA-10', 14, 0, '2023-03-02 06:01:38', '2023-03-02 06:01:38'),
(1256, 'KA-11', 14, 0, '2023-03-02 06:01:38', '2023-03-02 06:01:38'),
(1257, 'KA-12', 14, 0, '2023-03-02 06:01:38', '2023-03-02 06:01:38'),
(1258, 'KA-13', 14, 0, '2023-03-02 06:01:38', '2023-03-02 06:01:38'),
(1259, 'KA-14', 14, 0, '2023-03-02 06:01:38', '2023-03-02 06:01:38'),
(1260, 'KA-15', 14, 0, '2023-03-02 06:01:38', '2023-03-02 06:01:38'),
(1261, 'KA-16', 14, 0, '2023-03-02 06:01:38', '2023-03-02 06:01:38'),
(1262, 'KA-17', 14, 0, '2023-03-02 06:01:38', '2023-03-02 06:01:38'),
(1263, 'KA-18', 14, 0, '2023-03-02 06:01:38', '2023-03-02 06:01:38'),
(1264, 'KA-19', 14, 0, '2023-03-02 06:01:38', '2023-03-02 06:01:38'),
(1265, 'KA-20', 14, 0, '2023-03-02 06:01:38', '2023-03-02 06:01:38'),
(1266, 'KA-21', 14, 0, '2023-03-02 06:01:38', '2023-03-02 06:01:38'),
(1267, 'KA-22', 14, 0, '2023-03-02 06:01:38', '2023-03-02 06:01:38'),
(1268, 'KA-23', 14, 0, '2023-03-02 06:01:38', '2023-03-02 06:01:38'),
(1269, 'KA-24', 14, 0, '2023-03-02 06:01:38', '2023-03-02 06:01:38'),
(1270, 'KA-25', 14, 0, '2023-03-02 06:01:38', '2023-03-02 06:01:38'),
(1271, 'KA-26', 14, 0, '2023-03-02 06:01:38', '2023-03-02 06:01:38'),
(1272, 'KA-27', 14, 0, '2023-03-02 06:01:38', '2023-03-02 06:01:38'),
(1273, 'KA-28', 14, 0, '2023-03-02 06:01:38', '2023-03-02 06:01:38'),
(1274, 'KA-29', 14, 0, '2023-03-02 06:01:38', '2023-03-02 06:01:38'),
(1275, 'KA-30', 14, 0, '2023-03-02 06:01:38', '2023-03-02 06:01:38'),
(1276, 'KA-31', 14, 0, '2023-03-02 06:01:38', '2023-03-02 06:01:38'),
(1277, 'KA-32', 14, 0, '2023-03-02 06:01:38', '2023-03-02 06:01:38'),
(1278, 'KA-33', 14, 0, '2023-03-02 06:01:38', '2023-03-02 06:01:38'),
(1279, 'KA-34', 14, 0, '2023-03-02 06:01:38', '2023-03-02 06:01:38'),
(1280, 'KA-35', 14, 0, '2023-03-02 06:01:38', '2023-03-02 06:01:38'),
(1281, 'KA-36', 14, 0, '2023-03-02 06:01:38', '2023-03-02 06:01:38'),
(1282, 'KA-37', 14, 0, '2023-03-02 06:01:38', '2023-03-02 06:01:38'),
(1283, 'KA-38', 14, 0, '2023-03-02 06:01:38', '2023-03-02 06:01:38'),
(1284, 'KA-39', 14, 0, '2023-03-02 06:01:38', '2023-03-02 06:01:38'),
(1285, 'KA-40', 14, 0, '2023-03-02 06:01:38', '2023-03-02 06:01:38'),
(1286, 'KA-41', 14, 0, '2023-03-02 06:01:38', '2023-03-02 06:01:38'),
(1287, 'KA-42', 14, 0, '2023-03-02 06:01:38', '2023-03-02 06:01:38'),
(1288, 'KA-43', 14, 0, '2023-03-02 06:01:38', '2023-03-02 06:01:38'),
(1289, 'KA-44', 14, 0, '2023-03-02 06:01:38', '2023-03-02 06:01:38'),
(1290, 'KA-45', 14, 0, '2023-03-02 06:01:38', '2023-03-02 06:01:38'),
(1291, 'KA-46', 14, 0, '2023-03-02 06:01:38', '2023-03-02 06:01:38'),
(1292, 'KA-47', 14, 0, '2023-03-02 06:01:38', '2023-03-02 06:01:38'),
(1293, 'KA-48', 14, 0, '2023-03-02 06:01:38', '2023-03-02 06:01:38'),
(1294, 'KA-49', 14, 0, '2023-03-02 06:01:38', '2023-03-02 06:01:38'),
(1295, 'KA-50', 14, 0, '2023-03-02 06:01:38', '2023-03-02 06:01:38'),
(1296, 'KA-51', 14, 0, '2023-03-02 06:01:38', '2023-03-02 06:01:38'),
(1297, 'KA-52', 14, 0, '2023-03-02 06:01:38', '2023-03-02 06:01:38'),
(1298, 'KA-53', 14, 0, '2023-03-02 06:01:38', '2023-03-02 06:01:38'),
(1299, 'KA-54', 14, 0, '2023-03-02 06:01:38', '2023-03-02 06:01:38'),
(1300, 'KA-55', 14, 0, '2023-03-02 06:01:38', '2023-03-02 06:01:38'),
(1301, 'KA-56', 14, 0, '2023-03-02 06:01:38', '2023-03-02 06:01:38'),
(1302, 'KA-57', 14, 0, '2023-03-02 06:01:38', '2023-03-02 06:01:38'),
(1303, 'KA-58', 14, 0, '2023-03-02 06:01:38', '2023-03-02 06:01:38'),
(1304, 'KA-59', 14, 0, '2023-03-02 06:01:38', '2023-03-02 06:01:38'),
(1305, 'KA-60', 14, 0, '2023-03-02 06:01:38', '2023-03-02 06:01:38'),
(1306, 'KA-61', 14, 0, '2023-03-02 06:01:38', '2023-03-02 06:01:38'),
(1307, 'KA-62', 14, 0, '2023-03-02 06:01:38', '2023-03-02 06:01:38'),
(1308, 'KA-63', 14, 0, '2023-03-02 06:01:38', '2023-03-02 06:01:38'),
(1309, 'KA-64', 14, 0, '2023-03-02 06:01:38', '2023-03-02 06:01:38'),
(1310, 'KA-65', 14, 0, '2023-03-02 06:01:38', '2023-03-02 06:01:38'),
(1311, 'KA-66', 14, 0, '2023-03-02 06:01:38', '2023-03-02 06:01:38'),
(1312, 'KA-67', 14, 0, '2023-03-02 06:01:38', '2023-03-02 06:01:38'),
(1313, 'KA-68', 14, 0, '2023-03-02 06:01:38', '2023-03-02 06:01:38'),
(1314, 'KA-69', 14, 0, '2023-03-02 06:01:38', '2023-03-02 06:01:38'),
(1315, 'KA-70', 14, 0, '2023-03-02 06:01:38', '2023-03-02 06:01:38'),
(1316, 'KA-71', 14, 0, '2023-03-02 06:01:38', '2023-03-02 06:01:38'),
(1317, 'KA-72', 14, 0, '2023-03-02 06:01:38', '2023-03-02 06:01:38'),
(1318, 'KA-73', 14, 0, '2023-03-02 06:01:38', '2023-03-02 06:01:38'),
(1319, 'KA-74', 14, 0, '2023-03-02 06:01:38', '2023-03-02 06:01:38'),
(1320, 'KA-75', 14, 0, '2023-03-02 06:01:38', '2023-03-02 06:01:38'),
(1321, 'KHA-1', 15, 0, '2023-03-02 06:01:38', '2023-03-02 06:01:38'),
(1322, 'KHA-2', 15, 0, '2023-03-02 06:01:38', '2023-03-02 06:01:38'),
(1323, 'KHA-3', 15, 0, '2023-03-02 06:01:38', '2023-03-02 06:01:38'),
(1324, 'KHA-4', 15, 0, '2023-03-02 06:01:38', '2023-03-02 06:01:38'),
(1325, 'KHA-5', 15, 0, '2023-03-02 06:01:38', '2023-03-02 06:01:38'),
(1326, 'KHA-6', 15, 0, '2023-03-02 06:01:38', '2023-03-02 06:01:38'),
(1327, 'KHA-7', 15, 0, '2023-03-02 06:01:38', '2023-03-02 06:01:38'),
(1328, 'KHA-8', 15, 0, '2023-03-02 06:01:38', '2023-03-02 06:01:38'),
(1329, 'KHA-9', 15, 0, '2023-03-02 06:01:38', '2023-03-02 06:01:38'),
(1330, 'KHA-10', 15, 0, '2023-03-02 06:01:38', '2023-03-02 06:01:38'),
(1331, 'KHA-11', 15, 0, '2023-03-02 06:01:38', '2023-03-02 06:01:38'),
(1332, 'KHA-12', 15, 0, '2023-03-02 06:01:38', '2023-03-02 06:01:38'),
(1333, 'KHA-13', 15, 0, '2023-03-02 06:01:38', '2023-03-02 06:01:38'),
(1334, 'KHA-14', 15, 0, '2023-03-02 06:01:38', '2023-03-02 06:01:38'),
(1335, 'KHA-15', 15, 0, '2023-03-02 06:01:38', '2023-03-02 06:01:38'),
(1336, 'KHA-16', 15, 0, '2023-03-02 06:01:38', '2023-03-02 06:01:38'),
(1337, 'KHA-17', 15, 0, '2023-03-02 06:01:38', '2023-03-02 06:01:38'),
(1338, 'KHA-18', 15, 0, '2023-03-02 06:01:38', '2023-03-02 06:01:38'),
(1339, 'KHA-19', 15, 0, '2023-03-02 06:01:38', '2023-03-02 06:01:38'),
(1340, 'KHA-20', 15, 0, '2023-03-02 06:01:38', '2023-03-02 06:01:38'),
(1341, 'KHA-21', 15, 0, '2023-03-02 06:01:38', '2023-03-02 06:01:38'),
(1342, 'KHA-22', 15, 0, '2023-03-02 06:01:38', '2023-03-02 06:01:38'),
(1343, 'KHA-23', 15, 0, '2023-03-02 06:01:38', '2023-03-02 06:01:38'),
(1344, 'KHA-24', 15, 0, '2023-03-02 06:01:38', '2023-03-02 06:01:38'),
(1345, 'KHA-25', 15, 0, '2023-03-02 06:01:38', '2023-03-02 06:01:38'),
(1346, 'KHA-26', 15, 0, '2023-03-02 06:01:38', '2023-03-02 06:01:38'),
(1347, 'KHA-27', 15, 0, '2023-03-02 06:01:38', '2023-03-02 06:01:38'),
(1348, 'KHA-28', 15, 0, '2023-03-02 06:01:38', '2023-03-02 06:01:38'),
(1349, 'KHA-29', 15, 0, '2023-03-02 06:01:38', '2023-03-02 06:01:38'),
(1350, 'KHA-30', 15, 0, '2023-03-02 06:01:38', '2023-03-02 06:01:38'),
(1351, 'KHA-31', 15, 0, '2023-03-02 06:01:38', '2023-03-02 06:01:38'),
(1352, 'KHA-32', 15, 0, '2023-03-02 06:01:38', '2023-03-02 06:01:38'),
(1353, 'KHA-33', 15, 0, '2023-03-02 06:01:38', '2023-03-02 06:01:38'),
(1354, 'KHA-34', 15, 0, '2023-03-02 06:01:38', '2023-03-02 06:01:38'),
(1355, 'KHA-35', 15, 0, '2023-03-02 06:01:38', '2023-03-02 06:01:38'),
(1356, 'KHA-36', 15, 0, '2023-03-02 06:01:38', '2023-03-02 06:01:38'),
(1357, 'KHA-37', 15, 0, '2023-03-02 06:01:38', '2023-03-02 06:01:38'),
(1358, 'KHA-38', 15, 0, '2023-03-02 06:01:38', '2023-03-02 06:01:38'),
(1359, 'KHA-39', 15, 0, '2023-03-02 06:01:38', '2023-03-02 06:01:38'),
(1360, 'KHA-40', 15, 0, '2023-03-02 06:01:38', '2023-03-02 06:01:38'),
(1361, 'KHA-41', 15, 0, '2023-03-02 06:01:38', '2023-03-02 06:01:38'),
(1362, 'KHA-42', 15, 0, '2023-03-02 06:01:38', '2023-03-02 06:01:38'),
(1363, 'KHA-43', 15, 0, '2023-03-02 06:01:38', '2023-03-02 06:01:38'),
(1364, 'KHA-44', 15, 0, '2023-03-02 06:01:38', '2023-03-02 06:01:38'),
(1365, 'KHA-45', 15, 0, '2023-03-02 06:01:38', '2023-03-02 06:01:38'),
(1366, 'KHA-46', 15, 0, '2023-03-02 06:01:38', '2023-03-02 06:01:38'),
(1367, 'KHA-47', 15, 0, '2023-03-02 06:01:38', '2023-03-02 06:01:38'),
(1368, 'KHA-48', 15, 0, '2023-03-02 06:01:38', '2023-03-02 06:01:38'),
(1369, 'KHA-49', 15, 0, '2023-03-02 06:01:38', '2023-03-02 06:01:38'),
(1370, 'KHA-50', 15, 0, '2023-03-02 06:01:38', '2023-03-02 06:01:38'),
(1371, 'KHA-51', 15, 0, '2023-03-02 06:01:38', '2023-03-02 06:01:38'),
(1372, 'KHA-52', 15, 0, '2023-03-02 06:01:38', '2023-03-02 06:01:38'),
(1373, 'KHA-53', 15, 0, '2023-03-02 06:01:38', '2023-03-02 06:01:38'),
(1374, 'KHA-54', 15, 0, '2023-03-02 06:01:38', '2023-03-02 06:01:38'),
(1375, 'KHA-55', 15, 0, '2023-03-02 06:01:38', '2023-03-02 06:01:38'),
(1376, 'KHA-56', 15, 0, '2023-03-02 06:01:38', '2023-03-02 06:01:38'),
(1377, 'KHA-57', 15, 0, '2023-03-02 06:01:38', '2023-03-02 06:01:38'),
(1378, 'KHA-58', 15, 0, '2023-03-02 06:01:38', '2023-03-02 06:01:38'),
(1379, 'KHA-59', 15, 0, '2023-03-02 06:01:38', '2023-03-02 06:01:38'),
(1380, 'KHA-60', 15, 0, '2023-03-02 06:01:38', '2023-03-02 06:01:38'),
(1381, 'KHA-61', 15, 0, '2023-03-02 06:01:38', '2023-03-02 06:01:38'),
(1382, 'KHA-62', 15, 0, '2023-03-02 06:01:38', '2023-03-02 06:01:38'),
(1383, 'KHA-63', 15, 0, '2023-03-02 06:01:38', '2023-03-02 06:01:38'),
(1384, 'KHA-64', 15, 0, '2023-03-02 06:01:38', '2023-03-02 06:01:38'),
(1385, 'KHA-65', 15, 0, '2023-03-02 06:01:38', '2023-03-02 06:01:38'),
(1386, 'KHA-66', 15, 0, '2023-03-02 06:01:38', '2023-03-02 06:01:38'),
(1387, 'KHA-67', 15, 0, '2023-03-02 06:01:38', '2023-03-02 06:01:38'),
(1388, 'KHA-68', 15, 0, '2023-03-02 06:01:38', '2023-03-02 06:01:38'),
(1389, 'KHA-69', 15, 0, '2023-03-02 06:01:38', '2023-03-02 06:01:38'),
(1390, 'KHA-70', 15, 0, '2023-03-02 06:01:38', '2023-03-02 06:01:38'),
(1391, 'KHA-71', 15, 0, '2023-03-02 06:01:38', '2023-03-02 06:01:38'),
(1392, 'KHA-72', 15, 0, '2023-03-02 06:01:38', '2023-03-02 06:01:38'),
(1393, 'KHA-73', 15, 0, '2023-03-02 06:01:38', '2023-03-02 06:01:38'),
(1394, 'KHA-74', 15, 0, '2023-03-02 06:01:38', '2023-03-02 06:01:38'),
(1395, 'KHA-75', 15, 0, '2023-03-02 06:01:38', '2023-03-02 06:01:38'),
(1396, 'KHA-76', 15, 0, '2023-03-02 06:01:38', '2023-03-02 06:01:38'),
(1397, 'KHA-77', 15, 0, '2023-03-02 06:01:38', '2023-03-02 06:01:38'),
(1398, 'KHA-78', 15, 0, '2023-03-02 06:01:38', '2023-03-02 06:01:38'),
(1399, 'KHA-79', 15, 0, '2023-03-02 06:01:38', '2023-03-02 06:01:38'),
(1400, 'KHA-80', 15, 0, '2023-03-02 06:01:38', '2023-03-02 06:01:38'),
(1401, 'KHA-81', 15, 0, '2023-03-02 06:01:38', '2023-03-02 06:01:38'),
(1402, 'KHA-82', 15, 0, '2023-03-02 06:01:38', '2023-03-02 06:01:38'),
(1403, 'KHA-83', 15, 0, '2023-03-02 06:01:38', '2023-03-02 06:01:38'),
(1404, 'KHA-84', 15, 0, '2023-03-02 06:01:38', '2023-03-02 06:01:38'),
(1405, 'KHA-85', 15, 0, '2023-03-02 06:01:38', '2023-03-02 06:01:38'),
(1406, 'KHA-86', 15, 0, '2023-03-02 06:01:38', '2023-03-02 06:01:38'),
(1407, 'KHA-87', 15, 0, '2023-03-02 06:01:38', '2023-03-02 06:01:38'),
(1408, 'KHA-88', 15, 0, '2023-03-02 06:01:38', '2023-03-02 06:01:38'),
(1409, 'KHA-89', 15, 0, '2023-03-02 06:01:38', '2023-03-02 06:01:38'),
(1410, 'KHA-90', 15, 0, '2023-03-02 06:01:38', '2023-03-02 06:01:38'),
(1411, 'KHA-91', 15, 0, '2023-03-02 06:01:38', '2023-03-02 06:01:38'),
(1412, 'KHA-92', 15, 0, '2023-03-02 06:01:38', '2023-03-02 06:01:38'),
(1413, 'KHA-93', 15, 0, '2023-03-02 06:01:38', '2023-03-02 06:01:38'),
(1414, 'KHA-94', 15, 0, '2023-03-02 06:01:38', '2023-03-02 06:01:38'),
(1415, 'KHA-95', 15, 0, '2023-03-02 06:01:38', '2023-03-02 06:01:38'),
(1416, 'KHA-96', 15, 0, '2023-03-02 06:01:38', '2023-03-02 06:01:38'),
(1417, 'KHA-97', 15, 0, '2023-03-02 06:01:38', '2023-03-02 06:01:38'),
(1418, 'KHA-98', 15, 0, '2023-03-02 06:01:38', '2023-03-02 06:01:38'),
(1419, 'KHA-99', 15, 0, '2023-03-02 06:01:38', '2023-03-02 06:01:38'),
(1420, 'KHA-100', 15, 0, '2023-03-02 06:01:38', '2023-03-02 06:01:38'),
(1421, 'KHA-101', 15, 0, '2023-03-02 06:01:38', '2023-03-02 06:01:38'),
(1422, 'KHA-102', 15, 0, '2023-03-02 06:01:38', '2023-03-02 06:01:38'),
(1423, 'KHA-103', 15, 0, '2023-03-02 06:01:38', '2023-03-02 06:01:38'),
(1424, 'KHA-104', 15, 0, '2023-03-02 06:01:38', '2023-03-02 06:01:38'),
(1425, 'KHA-105', 15, 0, '2023-03-02 06:01:38', '2023-03-02 06:01:38');

-- --------------------------------------------------------

--
-- Table structure for table `seat_ranges`
--

CREATE TABLE `seat_ranges` (
  `id` bigint(20) UNSIGNED NOT NULL,
  `schedule_id` bigint(20) UNSIGNED NOT NULL,
  `bogi_id` bigint(20) UNSIGNED NOT NULL,
  `seats_range` varchar(20) NOT NULL COMMENT 'KA-11,KA-30 ,,, KHA-1,KHA-15 etc',
  `created_at` timestamp NULL DEFAULT NULL,
  `updated_at` timestamp NULL DEFAULT NULL
) ENGINE=InnoDB DEFAULT CHARSET=utf8mb4 COLLATE=utf8mb4_unicode_ci;

--
-- Dumping data for table `seat_ranges`
--

INSERT INTO `seat_ranges` (`id`, `schedule_id`, `bogi_id`, `seats_range`, `created_at`, `updated_at`) VALUES
(1, 4, 5, 'KA-1,KA-30', '2023-03-02 03:06:41', '2023-03-02 03:06:41'),
(2, 4, 6, 'KHA-1,KHA-40', '2023-03-02 03:06:41', '2023-03-02 03:06:41'),
(3, 5, 5, 'KA-30,KA-75', '2023-03-02 03:06:41', '2023-03-02 03:06:41'),
(4, 5, 6, 'KHA-41,KHA-105', '2023-03-02 03:06:41', '2023-03-02 03:06:41'),
(5, 6, 7, 'KA-1,KA-20', '2023-03-02 04:22:14', '2023-03-02 04:22:14'),
(6, 6, 8, 'KHA-1,KHA-40', '2023-03-02 04:22:14', '2023-03-02 04:22:14'),
(7, 6, 9, 'GA-1,GA-40', '2023-03-02 04:22:14', '2023-03-02 04:22:14'),
(8, 7, 7, 'KA-21,KA-75', '2023-03-02 04:22:14', '2023-03-02 04:22:14'),
(9, 7, 8, 'KHA-41,KHA-105', '2023-03-02 04:22:14', '2023-03-02 04:22:14'),
(10, 7, 9, 'GA-41,GA-105', '2023-03-02 04:22:14', '2023-03-02 04:22:14'),
(11, 8, 10, 'KA-1,KA-20', '2023-03-02 05:58:04', '2023-03-02 05:58:04'),
(12, 8, 11, 'KHA-1,KHA-15', '2023-03-02 05:58:04', '2023-03-02 05:58:04'),
(13, 9, 10, 'KA-21,KA-105', '2023-03-02 05:58:04', '2023-03-02 05:58:04'),
(14, 9, 11, 'KHA-16,KHA-75', '2023-03-02 05:58:04', '2023-03-02 05:58:04'),
(15, 10, 12, 'KA-1,KA-20', '2023-03-02 05:59:41', '2023-03-02 05:59:41'),
(16, 10, 13, 'KHA-1,KHA-40', '2023-03-02 05:59:41', '2023-03-02 05:59:41'),
(17, 11, 12, 'KA-21,KA-75', '2023-03-02 05:59:41', '2023-03-02 05:59:41'),
(18, 11, 13, 'KHA-41,KHA-105', '2023-03-02 05:59:41', '2023-03-02 05:59:41'),
(19, 12, 14, 'KA-1,KA-20', '2023-03-02 06:02:40', '2023-03-02 06:02:40'),
(20, 12, 15, 'KHA-1,KHA-20', '2023-03-02 06:02:40', '2023-03-02 06:02:40'),
(21, 13, 14, 'KA-21,KA-75', '2023-03-02 06:02:40', '2023-03-02 06:02:40'),
(22, 13, 15, ',KHA-105', '2023-03-02 06:02:40', '2023-03-02 06:02:40');

-- --------------------------------------------------------

--
-- Table structure for table `stations`
--

CREATE TABLE `stations` (
  `id` bigint(20) UNSIGNED NOT NULL,
  `name` varchar(255) NOT NULL,
  `address` varchar(255) NOT NULL,
  `lat` decimal(10,7) NOT NULL,
  `lon` decimal(10,7) NOT NULL,
  `created_at` timestamp NULL DEFAULT NULL,
  `updated_at` timestamp NULL DEFAULT NULL
) ENGINE=InnoDB DEFAULT CHARSET=utf8mb4 COLLATE=utf8mb4_unicode_ci;

--
-- Dumping data for table `stations`
--

INSERT INTO `stations` (`id`, `name`, `address`, `lat`, `lon`, `created_at`, `updated_at`) VALUES
(1, 'Khulna', 'Khulna', '90.2313400', '92.3125400', '2023-03-02 03:02:21', NULL),
(2, 'Dhaka Bimanbondor', 'Bimanbondor, Dhaka', '90.3134000', '92.1254000', '2023-03-02 03:02:21', NULL),
(3, 'Dhaka', 'Komlapur, Dhaka', '90.3340000', '92.1540000', '2023-03-02 03:02:21', NULL);

-- --------------------------------------------------------

--
-- Table structure for table `tickets`
--

CREATE TABLE `tickets` (
  `id` bigint(20) UNSIGNED NOT NULL,
  `station_from` bigint(20) UNSIGNED NOT NULL,
  `station_to` bigint(20) UNSIGNED NOT NULL,
  `user_id` bigint(20) UNSIGNED NOT NULL,
  `train_id` bigint(20) UNSIGNED NOT NULL,
  `seat_id` bigint(20) UNSIGNED NOT NULL,
  `price` mediumint(8) UNSIGNED NOT NULL,
  `journey_time` datetime NOT NULL,
  `train_name` varchar(255) NOT NULL,
  `bogi_name` varchar(255) NOT NULL,
  `seat_name` varchar(255) NOT NULL,
  `adult` tinyint(3) UNSIGNED NOT NULL,
  `child` tinyint(3) UNSIGNED DEFAULT NULL,
  `created_at` timestamp NULL DEFAULT NULL,
  `updated_at` timestamp NULL DEFAULT NULL
) ENGINE=InnoDB DEFAULT CHARSET=utf8mb4 COLLATE=utf8mb4_unicode_ci;

-- --------------------------------------------------------

--
-- Table structure for table `trains`
--

CREATE TABLE `trains` (
  `id` bigint(20) UNSIGNED NOT NULL,
  `name` varchar(255) NOT NULL,
  `journey_date` datetime NOT NULL,
  `route_id` bigint(20) UNSIGNED NOT NULL,
  `created_at` timestamp NULL DEFAULT NULL,
  `updated_at` timestamp NULL DEFAULT NULL
) ENGINE=InnoDB DEFAULT CHARSET=utf8mb4 COLLATE=utf8mb4_unicode_ci;

--
-- Dumping data for table `trains`
--

INSERT INTO `trains` (`id`, `name`, `journey_date`, `route_id`, `created_at`, `updated_at`) VALUES
(3, 'Chitra', '2023-03-05 20:00:00', 1, '2023-03-02 03:03:40', '2023-03-02 03:03:40'),
(4, 'Chitra', '2023-03-07 12:00:00', 1, '2023-03-02 04:20:16', '2023-03-02 04:20:16'),
(5, 'Chitra', '2023-03-02 16:00:00', 2, '2023-03-02 05:56:43', '2023-03-02 05:56:43'),
(6, 'Chitra', '2023-03-02 14:00:00', 1, '2023-03-02 05:58:43', '2023-03-02 05:58:43'),
(7, 'Sundarban Express', '2023-03-02 22:00:00', 3, '2023-03-02 06:01:38', '2023-03-02 06:01:38');

-- --------------------------------------------------------

--
-- Table structure for table `train_lists`
--

CREATE TABLE `train_lists` (
  `id` bigint(20) UNSIGNED NOT NULL,
  `train_name` varchar(255) NOT NULL,
  `off_day` varchar(255) DEFAULT NULL,
  `up_down` tinyint(3) UNSIGNED NOT NULL COMMENT '0=up, 1=down',
  `created_at` timestamp NULL DEFAULT NULL,
  `updated_at` timestamp NULL DEFAULT NULL
) ENGINE=InnoDB DEFAULT CHARSET=utf8mb4 COLLATE=utf8mb4_unicode_ci;

--
-- Dumping data for table `train_lists`
--

INSERT INTO `train_lists` (`id`, `train_name`, `off_day`, `up_down`, `created_at`, `updated_at`) VALUES
(1, 'Chitra', 'Monday', 0, '2023-03-02 03:02:21', NULL),
(2, 'Chitra', 'Monday', 1, '2023-03-02 03:02:21', NULL),
(3, 'Sundarban Express', 'Tuesday', 0, '2023-03-02 06:00:28', NULL);

-- --------------------------------------------------------

--
-- Table structure for table `users`
--

CREATE TABLE `users` (
  `id` bigint(20) UNSIGNED NOT NULL,
  `name` varchar(255) NOT NULL,
  `email` varchar(255) NOT NULL,
  `is_admin` tinyint(3) UNSIGNED NOT NULL DEFAULT 0 COMMENT '0=user, 1=admin',
  `email_verified_at` timestamp NULL DEFAULT NULL,
  `password` varchar(255) NOT NULL,
  `remember_token` varchar(100) DEFAULT NULL,
  `created_at` timestamp NULL DEFAULT NULL,
  `updated_at` timestamp NULL DEFAULT NULL
) ENGINE=InnoDB DEFAULT CHARSET=utf8mb4 COLLATE=utf8mb4_unicode_ci;

--
-- Dumping data for table `users`
--

INSERT INTO `users` (`id`, `name`, `email`, `is_admin`, `email_verified_at`, `password`, `remember_token`, `created_at`, `updated_at`) VALUES
(1, 'Naymur Rahman', 'naymur@example.com', 1, NULL, '$2y$10$3nn5fhe2uFYXHcdsuSwNu.p2PD04FDgXq9PTkwRMaGFEAJoeNVeH2', 'SHTn3ZgDgZ', '2023-03-02 03:02:21', '2023-03-02 03:02:21');

--
-- Indexes for dumped tables
--

--
-- Indexes for table `bogis`
--
ALTER TABLE `bogis`
  ADD PRIMARY KEY (`id`),
  ADD KEY `bogis_train_id_foreign` (`train_id`),
  ADD KEY `bogis_bogi_type_id_foreign` (`bogi_type_id`);

--
-- Indexes for table `bogi_types`
--
ALTER TABLE `bogi_types`
  ADD PRIMARY KEY (`id`);

--
-- Indexes for table `failed_jobs`
--
ALTER TABLE `failed_jobs`
  ADD PRIMARY KEY (`id`),
  ADD UNIQUE KEY `failed_jobs_uuid_unique` (`uuid`);

--
-- Indexes for table `migrations`
--
ALTER TABLE `migrations`
  ADD PRIMARY KEY (`id`);

--
-- Indexes for table `password_resets`
--
ALTER TABLE `password_resets`
  ADD KEY `password_resets_email_index` (`email`);

--
-- Indexes for table `personal_access_tokens`
--
ALTER TABLE `personal_access_tokens`
  ADD PRIMARY KEY (`id`),
  ADD UNIQUE KEY `personal_access_tokens_token_unique` (`token`),
  ADD KEY `personal_access_tokens_tokenable_type_tokenable_id_index` (`tokenable_type`,`tokenable_id`);

--
-- Indexes for table `routes`
--
ALTER TABLE `routes`
  ADD KEY `routes_route_id_foreign` (`route_id`),
  ADD KEY `routes_station_id_foreign` (`station_id`);

--
-- Indexes for table `schedules`
--
ALTER TABLE `schedules`
  ADD PRIMARY KEY (`id`),
  ADD KEY `schedules_train_id_foreign` (`train_id`),
  ADD KEY `schedules_from_station_id_foreign` (`from_station_id`),
  ADD KEY `schedules_to_station_id_foreign` (`to_station_id`);

--
-- Indexes for table `seats`
--
ALTER TABLE `seats`
  ADD PRIMARY KEY (`id`),
  ADD KEY `seats_bogi_id_foreign` (`bogi_id`);

--
-- Indexes for table `seat_ranges`
--
ALTER TABLE `seat_ranges`
  ADD PRIMARY KEY (`id`),
  ADD KEY `seat_ranges_schedule_id_foreign` (`schedule_id`),
  ADD KEY `seat_ranges_bogi_id_foreign` (`bogi_id`);

--
-- Indexes for table `stations`
--
ALTER TABLE `stations`
  ADD PRIMARY KEY (`id`),
  ADD UNIQUE KEY `stations_name_address_lat_lon_unique` (`name`,`address`,`lat`,`lon`);

--
-- Indexes for table `tickets`
--
ALTER TABLE `tickets`
  ADD PRIMARY KEY (`id`),
  ADD KEY `tickets_station_from_foreign` (`station_from`),
  ADD KEY `tickets_station_to_foreign` (`station_to`),
  ADD KEY `tickets_user_id_foreign` (`user_id`),
  ADD KEY `tickets_train_id_foreign` (`train_id`),
  ADD KEY `tickets_seat_id_foreign` (`seat_id`);

--
-- Indexes for table `trains`
--
ALTER TABLE `trains`
  ADD PRIMARY KEY (`id`),
  ADD KEY `trains_route_id_foreign` (`route_id`);

--
-- Indexes for table `train_lists`
--
ALTER TABLE `train_lists`
  ADD PRIMARY KEY (`id`);

--
-- Indexes for table `users`
--
ALTER TABLE `users`
  ADD PRIMARY KEY (`id`),
  ADD UNIQUE KEY `users_email_unique` (`email`);

--
-- AUTO_INCREMENT for dumped tables
--

--
-- AUTO_INCREMENT for table `bogis`
--
ALTER TABLE `bogis`
  MODIFY `id` bigint(20) UNSIGNED NOT NULL AUTO_INCREMENT, AUTO_INCREMENT=16;

--
-- AUTO_INCREMENT for table `bogi_types`
--
ALTER TABLE `bogi_types`
  MODIFY `id` bigint(20) UNSIGNED NOT NULL AUTO_INCREMENT, AUTO_INCREMENT=3;

--
-- AUTO_INCREMENT for table `failed_jobs`
--
ALTER TABLE `failed_jobs`
  MODIFY `id` bigint(20) UNSIGNED NOT NULL AUTO_INCREMENT;

--
-- AUTO_INCREMENT for table `migrations`
--
ALTER TABLE `migrations`
  MODIFY `id` int(10) UNSIGNED NOT NULL AUTO_INCREMENT, AUTO_INCREMENT=15;

--
-- AUTO_INCREMENT for table `personal_access_tokens`
--
ALTER TABLE `personal_access_tokens`
  MODIFY `id` bigint(20) UNSIGNED NOT NULL AUTO_INCREMENT;

--
-- AUTO_INCREMENT for table `schedules`
--
ALTER TABLE `schedules`
  MODIFY `id` bigint(20) UNSIGNED NOT NULL AUTO_INCREMENT, AUTO_INCREMENT=14;

--
-- AUTO_INCREMENT for table `seats`
--
ALTER TABLE `seats`
  MODIFY `id` bigint(20) UNSIGNED NOT NULL AUTO_INCREMENT, AUTO_INCREMENT=1426;

--
-- AUTO_INCREMENT for table `seat_ranges`
--
ALTER TABLE `seat_ranges`
  MODIFY `id` bigint(20) UNSIGNED NOT NULL AUTO_INCREMENT, AUTO_INCREMENT=23;

--
-- AUTO_INCREMENT for table `stations`
--
ALTER TABLE `stations`
  MODIFY `id` bigint(20) UNSIGNED NOT NULL AUTO_INCREMENT, AUTO_INCREMENT=4;

--
-- AUTO_INCREMENT for table `tickets`
--
ALTER TABLE `tickets`
  MODIFY `id` bigint(20) UNSIGNED NOT NULL AUTO_INCREMENT;

--
-- AUTO_INCREMENT for table `trains`
--
ALTER TABLE `trains`
  MODIFY `id` bigint(20) UNSIGNED NOT NULL AUTO_INCREMENT, AUTO_INCREMENT=8;

--
-- AUTO_INCREMENT for table `train_lists`
--
ALTER TABLE `train_lists`
  MODIFY `id` bigint(20) UNSIGNED NOT NULL AUTO_INCREMENT, AUTO_INCREMENT=4;

--
-- AUTO_INCREMENT for table `users`
--
ALTER TABLE `users`
  MODIFY `id` bigint(20) UNSIGNED NOT NULL AUTO_INCREMENT, AUTO_INCREMENT=2;

--
-- Constraints for dumped tables
--

--
-- Constraints for table `bogis`
--
ALTER TABLE `bogis`
  ADD CONSTRAINT `bogis_bogi_type_id_foreign` FOREIGN KEY (`bogi_type_id`) REFERENCES `bogi_types` (`id`),
  ADD CONSTRAINT `bogis_train_id_foreign` FOREIGN KEY (`train_id`) REFERENCES `trains` (`id`) ON DELETE CASCADE;

--
-- Constraints for table `routes`
--
ALTER TABLE `routes`
  ADD CONSTRAINT `routes_route_id_foreign` FOREIGN KEY (`route_id`) REFERENCES `train_lists` (`id`) ON DELETE CASCADE,
  ADD CONSTRAINT `routes_station_id_foreign` FOREIGN KEY (`station_id`) REFERENCES `stations` (`id`);

--
-- Constraints for table `schedules`
--
ALTER TABLE `schedules`
  ADD CONSTRAINT `schedules_from_station_id_foreign` FOREIGN KEY (`from_station_id`) REFERENCES `stations` (`id`) ON DELETE CASCADE,
  ADD CONSTRAINT `schedules_to_station_id_foreign` FOREIGN KEY (`to_station_id`) REFERENCES `stations` (`id`) ON DELETE CASCADE,
  ADD CONSTRAINT `schedules_train_id_foreign` FOREIGN KEY (`train_id`) REFERENCES `trains` (`id`) ON DELETE CASCADE;

--
-- Constraints for table `seats`
--
ALTER TABLE `seats`
  ADD CONSTRAINT `seats_bogi_id_foreign` FOREIGN KEY (`bogi_id`) REFERENCES `bogis` (`id`) ON DELETE CASCADE;

--
-- Constraints for table `seat_ranges`
--
ALTER TABLE `seat_ranges`
  ADD CONSTRAINT `seat_ranges_bogi_id_foreign` FOREIGN KEY (`bogi_id`) REFERENCES `bogis` (`id`),
  ADD CONSTRAINT `seat_ranges_schedule_id_foreign` FOREIGN KEY (`schedule_id`) REFERENCES `schedules` (`id`) ON DELETE CASCADE;

--
-- Constraints for table `tickets`
--
ALTER TABLE `tickets`
  ADD CONSTRAINT `tickets_seat_id_foreign` FOREIGN KEY (`seat_id`) REFERENCES `seats` (`id`),
  ADD CONSTRAINT `tickets_station_from_foreign` FOREIGN KEY (`station_from`) REFERENCES `stations` (`id`),
  ADD CONSTRAINT `tickets_station_to_foreign` FOREIGN KEY (`station_to`) REFERENCES `stations` (`id`),
  ADD CONSTRAINT `tickets_train_id_foreign` FOREIGN KEY (`train_id`) REFERENCES `trains` (`id`),
  ADD CONSTRAINT `tickets_user_id_foreign` FOREIGN KEY (`user_id`) REFERENCES `users` (`id`);

--
-- Constraints for table `trains`
--
ALTER TABLE `trains`
  ADD CONSTRAINT `trains_route_id_foreign` FOREIGN KEY (`route_id`) REFERENCES `train_lists` (`id`);
COMMIT;

/*!40101 SET CHARACTER_SET_CLIENT=@OLD_CHARACTER_SET_CLIENT */;
/*!40101 SET CHARACTER_SET_RESULTS=@OLD_CHARACTER_SET_RESULTS */;
/*!40101 SET COLLATION_CONNECTION=@OLD_COLLATION_CONNECTION */;
